district_id,economy,totalSales,totalPopularity,averageRating,categoryEntropy,averageCategoryDivergence,degreeCus,degreeDist,numberofCustomers,numberofShops,incomeEntropy,avgCusEntropy,fracofDessert,dessertCS,pairwise,cusEigen,dEigen,logEcon,avgExpenditure,averageTotalExpenditure,popres,popfloat,pop,Dens_Pob,HPI,econdse,area,logEcondse,popdse,logpopdse
6.0,280.5,58432.64408330001,1212.88847586,4.44397045519,1.9072839993200001,0.121354362277,0.113673733602,1.32220017106,2067.0,12.0,4.0096458000999995,0.60268655722,0.08333333333330001,0.0157238811908,0.137454828217,0.0104966362931,4.61645638939e-06,5.636573724962751,52.388197786694406,127.91852570320076,65574,25916,91.49,1401.34,3.066296877417073,2.5422627190268314,110.334780863,0.9330545187356294,0.8292036226872185,-0.18728952953567782
7.0,92.3,24420.655,,4.1423684210500005,1.21488965395,0.279787242069,0.20493336265,0.21323011625399999,2566.0,9.0,3.48999099521,0.528750142449,0.444444444444,0.225700133349,0.173164754359,0.029650785438900002,9.10871691555e-06,4.525044141508807,67.66824130900348,235.35580828594638,43712,14406,58.118,728.377,3.6659300346953656,0.6844113315553326,134.860420546,-0.3791961801822082,0.43094927158540436,-0.8417648951433088
10.0,100.6,6567.06,94.5353125,4.05,1.0397207708399998,0.290207134186,0.036682215498,1.6063722488499999,323.0,4.0,2.6895655817,0.372279339823,0.0,0.0421918903901,0.11936318438599999,0.0020237080139500004,6.998925071260001e-06,4.611152257665639,85.56788933481644,153.22569444444446,18978,4967,23.945,655.848,0.0,1.6285499238200027,61.772745513400004,0.4876900015860259,0.3876304962810136,-0.9477027222850403
14.0,226.2,2750.34,25.933688118800003,3.8687853107300003,0.6931471805600001,0.41354301178,0.0088558754345,0.6837748208329999,88.0,2.0,2.47804331657,0.539426221332,0.0,0.0565994033952,0.0667005023078,0.00084897890296,0.000898427024829,5.42141956368202,90.49125723673916,204.97590361445785,69157,35216,104.373,1489.57,0.0,1.9075471934403803,118.58160090499999,0.6458182248614468,0.8801787056629214,-0.1276303175097876
15.0,535.7,262554.59583299997,3574.91791707,4.56926094181,2.13354698995,0.14299597954399998,0.251443652001,0.770662567831,6144.0,53.0,5.5109058094000005,0.795146587621,0.11320754717,0.018649510178,0.20203624307,0.0388561359152,2.48319822506e-05,6.283574302886914,65.9766889470627,196.13697010640092,50917,11623,62.54,1605.15,4.82623588428985,8.128003930042846,65.90794057320001,2.09531537435506,0.9488993201136449,-0.05245257650215938
16.0,187.8,16685.715,30.812326336799998,4.78701807113,1.33217904021,0.31467871913600004,0.18310295293499998,1.41629636882,2114.0,5.0,3.6117829984699994,0.565587884285,0.4,0.17508224511300002,0.20041494997099998,0.0151341190309,5.03559842108e-06,5.235377566774162,65.7240161712336,170.09931506849315,48773,16067,64.84,1404.63,3.0007071666924485,2.403022545434714,78.15157637899999,0.8767273389136958,0.8296697648881088,-0.18672753099299141
18.0,648.7,21768.3875,311.19966196400003,4.36221269307,1.74786809747,0.147350045303,0.054865985771000006,1.9151033799000001,498.0,7.0,4.09597531815,0.595481701788,0.0,0.0505450369118,0.145539364387,0.00415446536768,9.496048378260001e-06,6.47497036021901,86.08686534906418,207.57630522088357,64757,12284,77.041,8820.4,4.335241210139002,43.83827245732382,14.797572158700001,3.7805072362366,5.206327036202689,1.6498746236932074
19.0,39.7,415.9175,,4.13916196616,0.0,0.814442811447,0.0648217127967,0.22542406607700002,387.0,2.0,4.1527490919300005,0.687149144889,0.0,0.0439265913106,0.12154791135399999,0.00743167035901,9.8032259625e-08,3.681351187693145,58.06750278129986,207.80898876404493,42840,8462,51.302,423.875,0.0,0.19384972591764504,204.79781341999998,-1.6406720287550556,0.25050072138607116,-1.384293478676649
20.0,920.1,2955445.98858,172707.077977,4.45324483959,2.12976802369,0.14469553273900002,0.417463066703,2.0883698275400002,57965.0,119.0,3.76071848612,0.35578327844999996,0.176470588235,0.0362600685945,0.263919699282,0.0702176948473,1.00622024298e-05,6.824482359788315,42.98033189283675,101.50332787779594,132320,32996,165.316,10464.7,4.3112196415548825,34.36815736874847,26.7718746201,3.537130477808309,6.174987831292275,1.820506911871172
21.0,505.2,1431065.7822,22602.442983099998,4.5988308489300005,1.84095667942,0.143617284162,0.355434588122,0.7879680210179999,9874.0,36.0,5.10225864394,0.6433150351420001,0.08333333333330001,0.022256201680299997,0.220384878593,0.0434190126531,1.35691980919e-06,6.224954390476336,62.08577385916028,162.89572247237004,96243,21721,117.964,1724.76,3.0318887980376124,4.362907416903495,115.79434347900002,1.473138673862117,1.0187371546468802,0.018563776557864394
23.0,479.2,467903.15025,7297.33905609,4.40898718379,2.07530680406,0.15017186071799998,0.359726858633,0.635528546535,16358.0,48.0,4.37535373744,0.48082779348099997,0.104166666667,0.0365545441279,0.232831141562,0.0584055518456,0.000155749433887,6.1721180468012395,56.531045815454576,127.12710650201271,107048,58086,165.134,1874.37,4.224171841506265,3.20963889425518,149.300284483,1.1661584368124982,1.1060528154506153,0.10079765553196243
26.0,358.2,1730723.8921700001,32092.7428213,4.55053094017,2.2652515489,0.16595481767200002,0.873830016774,1.80096655833,56350.0,128.0,5.05090059818,0.6098410430100001,0.1875,0.0397490037918,0.30361144063400003,0.15715675418800001,0.0007290031328560001,5.881091489626612,63.99418165794348,167.99742851066298,141355,104036,245.391,2335.77,7.496453117058185,2.0118899604236766,178.041546529,0.6990745591035189,1.378279422887567,0.32083592626455526
27.0,187.937062937,6750.4025,138.639045662,4.0072095794099996,1.2770342594700002,0.21532750236099998,0.042564382623,3.41856057327,413.0,7.0,3.50020316248,0.48694374014700004,0.28571428571400004,0.0628152870257,0.096423194308,0.00513909947781,0.0251560096378,5.236107135169722,45.77758045826229,152.7689393939394,44912,6649,51.561,16041.8,0.0,34.44593639964232,5.456000985329999,3.5393910340332377,9.450328205335065,2.2460494716258412
30.0,1002.9,1179022.17442,16479.572049399998,4.45358554631,2.3301408292700003,0.150523877798,0.532130146848,1.43036105365,33054.0,95.0,4.262591324680001,0.473644095457,0.115789473684,0.022098145255900002,0.249041827425,0.0949770420363,7.972512427619999e-06,6.910651082094162,64.92774866703988,143.0913968373494,64996,28049,93.045,976.57,5.20118892400168,6.2124002949236,161.435186464,1.8265473421870937,0.576361337562236,-0.5510204928138783
31.0,476.3,1108046.32425,9632.64600931,4.50566293036,2.4797931741599997,0.155235744989,0.750598780685,1.8155843767700002,39670.0,136.0,5.24627843675,0.570408920341,0.139705882353,0.031146464958099997,0.287742956222,0.135661694408,0.00254867702298,6.166047907806814,84.73991969181128,215.6210302205926,55318,21138,76.456,1925.52,6.623058053965658,7.068776333510864,67.38082767479999,1.955687386217298,1.1346847855446287,0.12635489037436198
32.0,225.52447552400002,111136.33541700001,753.145293815,4.52184082658,2.34718082932,0.11030756216399999,0.24841963425000002,3.85631779575,6449.0,22.0,3.7651517544999997,0.40717414176,0.181818181818,0.0228947221619,0.182752242705,0.039698924296800005,0.0335243090843,5.4184286919619025,75.39959399391486,168.3581835842642,48076,21204,69.28,3975.3,9.773132085478773,7.623445350213631,29.583012032499997,2.031228413208817,2.3418845898412495,0.8509559854989835
33.0,588.2,249011.15169,3930.01176731,4.5115023496,2.2247637119599997,0.134070570174,0.542440563301,4.65505879231,14315.0,78.0,5.13578073724,0.631053887772,0.153846153846,0.0384844692259,0.247523857145,0.0873056377864,0.030749327971600002,6.377067026119895,54.16873601056665,164.4786035148554,193585,120991,314.576,10568.3,8.01745817771983,11.64381727270095,50.5160795832,2.4547753329314,6.227244920736441,1.8289340071766405
34.0,150.34965035,2336.35,39.9594142857,4.6598019802,1.05492016799,0.31024560672,0.0410341707184,1.2977924298,288.0,5.0,3.22751475829,0.5778164434709999,0.0,0.041560552763,0.0809682549201,0.0025911112877499997,6.34645794877e-05,5.0129635838581725,44.575919847105475,113.07589285714286,3269,414,3.683,644.337,4.978077832534087,15.49041499722907,9.70597949613,2.740221445369385,0.3794568081942165,-0.9690145010235316
36.0,1811.98762277,4905.77583333,132.010490293,3.8590964591000003,1.54982604588,0.127846307126,0.030992558635800003,5.15320588699,274.0,7.0,3.6053405621800008,0.509344205387,0.14285714285700002,0.011208061644700002,0.11599341081499999,0.00329887902069,0.035081095559,7.502179655878712,63.025356415163266,158.8755364806867,57751,30168,87.919,7444.58,7.866920068064793,90.31398204230406,20.063201530900002,4.503292288329106,4.382102221551881,1.4775285685031714
37.0,1127.62237762,980932.562667,15924.474409999999,4.4835732666000006,2.21592683304,0.157241038061,0.7104868862620001,8.050132103580001,21383.0,37.0,5.25351210649,0.61231168631,0.18918918918900002,0.03904787131180001,0.295331903758,0.12135836187799999,0.0898263909771,7.027866604396003,76.58281114084949,204.0713488843813,119595,33886,153.481,27952.9,3.612317959824092,120.84394302468912,9.331227940749999,4.794499986114299,16.448103183691376,2.8002101625806173
38.0,1616.25874126,690760.177,9090.26183451,4.46428237119,2.17676485349,0.166966629503,0.639508694671,10.494357825,27242.0,64.0,4.87032973841,0.5640967094730001,0.109375,0.037176922783,0.29478499964,0.108645734317,0.115764819014,7.387869338430297,71.08586292664938,177.87967767295598,40477,13007,53.484,3279.74,8.037236746149256,58.3344256270032,27.706773896999998,4.066192410114434,1.9303582654128881,0.6577056154373349
39.0,810.4,153335.7015,2226.82270394,4.3271532098800005,2.06847853164,0.104933673696,0.159135391206,1.8801146291599997,7668.0,20.0,3.29577642206,0.349406298249,0.1,0.014655769604400001,0.166313366899,0.0244878870914,0.0024384915133000003,6.697527952934474,59.32548518477333,121.71109010712036,99039,49983,149.022,1845.74,5.110715785286512,5.910849980461975,137.103801091,1.776789641797945,1.0869282894723649,0.08335563491630472
40.0,638.986013986,375785.1885,5142.89835911,4.63025266955,1.8146441668200002,0.14865606837200002,0.318513140718,11.1341152527,9493.0,21.0,3.55374173753,0.386634589921,0.0952380952381,0.0311615163026,0.221731594538,0.0516934818277,0.124763749374,6.4598825667921504,55.50340091094564,126.91359634822302,83430,16814,100.244,36439.5,0.0,136.6156634216587,4.677252944369999,4.917171606900187,21.432238365612346,3.0648962541295233
41.0,4221.39973612,235949.526667,2739.72997909,4.47978369566,1.8996402464,0.14795672302,0.259793655895,4.6956612912699995,6744.0,24.0,4.4199155399,0.45193100274899994,0.25,0.0491684902112,0.18547312270799998,0.0412718203634,0.0334394799673,8.347922043056448,76.27504920371649,165.9652027027027,200884,154321,355.205,13903.0,6.127687785905284,97.21305106023219,43.4242078618,4.5769049726199595,8.179884389151324,2.101678017159195
42.0,2067.30769231,532693.3885,9430.48304509,4.45098213386,2.2046304617400003,0.147626572546,0.567780817772,8.04970880333,21725.0,71.0,4.6758901101,0.47103764482,0.183098591549,0.0371908284999,0.275203403271,0.0954445165987,0.0849330093842,7.634002407969543,60.637576408282925,152.2754170280059,144894,36878,181.772,24370.9,8.529292170338776,163.03747540625127,12.6799540238,5.0939800848492,14.33538320871021,2.662730831361023
43.0,977.272727273,931126.54375,10639.8135862,4.5701485459199995,2.24303354488,0.168301496479,0.7326127588779999,11.1301682495,19669.0,43.0,4.86541890193,0.598824143494,0.06976744186049999,0.04265997066240001,0.296160245385,0.12637049838199998,0.123077213953,6.884765760757717,92.33918659587412,224.7265620901317,83454,27169,110.623,34633.4,8.172195089611279,179.9107197844385,5.431987201449999,5.192460726643362,20.365106893195666,3.013822989954544
45.0,751.748251748,23234.2341667,318.83836541,4.47164657415,1.54982604588,0.135961929905,0.131898119761,10.7766313802,1553.0,7.0,4.3843109627,0.563931605938,0.14285714285700002,0.014957760946100001,0.134237010657,0.0169832378039,0.12190329556,6.622401496289612,75.33706238958095,190.84500745156484,83936,23188,107.124,28569.5,0.0,117.89955244294639,6.376175618750001,4.7698330114627225,16.800666481799446,2.821418557158
47.0,338.286713287,4360.195,49.1565443345,4.775,1.56071040904,0.204028055096,0.023891700693,1.8436642110900003,235.0,6.0,3.2432139452,0.483201110942,0.33333333333299997,0.0944064942004,0.10528678361600001,0.00195102659074,0.00313595860834,5.823893800073023,78.03493788819874,175.2111801242236,49180,24845,74.025,3525.89,1.5469271397317186,9.483483402269316,35.6711451834,2.249551696271395,2.075206714542163,0.7300607701868755
48.0,390.85447303,32302.785,495.43629965400004,4.72129091613,1.60943791243,0.193955693382,0.273636510387,8.19787766661,4092.0,10.0,4.61015420057,0.5787396211670001,0.1,0.0290170701063,0.20570938746800002,0.040273367344,0.0853742997071,5.968335298965699,62.87674035911636,178.83333333333337,113115,26602,139.717,56490.8,1.5469271397317186,92.8959052793985,4.20744565494,4.531479568200364,33.207083693631795,3.502763217429543
49.0,513.8,26347.7855,634.252078774,4.30663584465,1.8415535338,0.167659548721,0.16049470689099998,0.270530844501,1789.0,31.0,4.30388169358,0.701667673537,0.322580645161,0.102427025128,0.18390599598299998,0.019615170134700002,1.74471480716e-06,6.241834084675783,55.00622603694214,201.78460207612457,89273,27539,116.812,1107.67,4.944818899029855,2.869242144349369,179.071676126,1.0540479336989212,0.6523198002447227,-0.42722034613407195
50.0,1157.0,193927.443583,2565.20941939,4.65720714212,2.01380589385,0.131137161032,0.295219539904,11.603718521300001,8640.0,19.0,3.6699628383199996,0.373541951272,0.157894736842,0.019758403686,0.213626198109,0.0453037602713,0.13275895753699998,7.053585727193677,89.02568412427865,164.84782918149466,95737,19579,115.316,37657.3,1.0,222.09817887240825,5.20940786581,5.403119531282831,22.136105094944366,3.097209990166902
51.0,437.0,2408665.256,20455.6746237,4.2776161118400005,1.9447946877200002,0.16754737831299998,0.20848006913400002,11.6024672637,2633.0,23.0,4.31700937245,0.5509264599629999,0.34782608695699996,0.12147807182600001,0.183164154105,0.027427800762,0.13607261588,6.07993319509559,74.55997850883571,212.7824199674444,43455,9716,53.171,22886.5,3.340765949923758,110.5626048542231,3.9525117970599997,4.705581920290142,13.452458267056972,2.599161860132208
52.0,225.52447552400002,120134.389333,1305.63092132,4.57370837934,1.8989267893400001,0.18308882553599998,0.142895793455,1.12285032195,2217.0,15.0,4.21229586958,0.517311319691,0.133333333333,0.016375828358,0.20983707087499998,0.0159168995206,7.223386490299999e-05,5.4184286919619025,73.65618739937611,172.57193515704154,53808,17586,71.394,634.179,5.542153764557689,1.1792794461844973,191.23921497499998,0.1649036131350548,0.37332301332304196,-0.9853112466278872
53.0,3553.0,37883.9608333,232.463617239,4.595979149700001,1.7328679513999998,0.12651829391,0.172877215212,11.4955028057,2186.0,8.0,3.8129488844800004,0.485271151193,0.125,0.0189356025227,0.17299675551399998,0.022725618667599996,0.133038607406,8.175547596021026,81.980106490574,211.41970387243737,51877,11078,62.955,42631.4,0.0,1413.9204612382896,2.5128711956600003,7.254121593982078,25.053015096328885,3.2209941834147156
54.0,245.0,48583.5685,599.83828744,4.58123877648,1.89036277534,0.178960049157,0.184089555714,16.9491242261,1750.0,16.0,4.886157343,0.6474636602130001,0.0,0.0450471537574,0.174582263412,0.0238027529972,0.235525945693,5.501258210544727,74.47480411956721,217.306971294669,46385,12482,58.867,33444.5,7.096572451437537,81.80745965670032,2.99483691375,4.4043684332979876,19.65616215351419,2.9783908847531344
55.0,925.3,386.373333333,,4.21,0.0,0.9029128656409999,0.009544281726219999,0.0,42.0,2.0,2.08554513412,0.517601677055,1.0,1.51049555114,0.12336338490399999,0.000492507621829,0.0,6.830118009254985,57.69369047619048,178.55,18140,7864,26.004,8885.03,5.037082053435283,185.79136376915937,4.98031760588,5.224624343970919,5.221353748463439,1.6527567070581568
56.0,2507.98286861,4970.05083333,55.0189612107,4.875,1.3862943611200003,0.230916633318,0.0343551606988,4.81807708694,412.0,4.0,3.7230769757099997,0.551220063557,0.0,0.041093835975,0.111685282708,0.0041571733112,0.0329690741744,7.8272340710317145,55.84868277659324,150.7970149253731,84394,62236,146.63,9985.56,6.911316876975095,100.39617440335635,24.980860909400004,4.609124102979442,5.869693623922498,1.7698024389382665
57.0,1217.3,265050.674917,3688.87179705,4.46401471075,2.18054445823,0.158167353535,0.329104731376,2.4072419548900004,12382.0,46.0,4.23852280799,0.47548770320600003,0.0434782608696,0.035806401213,0.241194621615,0.052204301516500004,0.00021548797790799998,7.104390570415551,67.77068624286356,156.5354936890162,140520,62556,203.076,10635.0,6.56615323418267,37.47761843092679,32.4807191856,3.62374391295342,6.252201462645928,1.8329336357518182
58.0,476.6,147900.38916700002,2935.2854199999997,4.47969065472,2.19446901756,0.1219943857,0.37479807945,11.416340397799999,10965.0,37.0,4.0525509695099995,0.354645579432,0.0540540540541,0.030010691316,0.21425289358199998,0.0587146009029,0.126420553317,6.166677564664642,51.188561164457035,119.57371260421776,50304,10139,60.443,8118.01,2.3658040706282732,37.62910425186201,12.665728017600001,3.6277778002258776,4.772169425714006,1.5628010077365961
59.0,288.4,99049.1270833,1354.22757197,4.40107338345,1.60943791243,0.20282389573399998,0.295030393041,12.2325200977,7263.0,5.0,3.5823925977599997,0.454258825709,0.2,0.0319562308209,0.208460913112,0.046756248887900004,0.14043251612500002,5.664348405410794,58.2382448356027,133.95716395864108,40303,7751,48.054,25208.0,0.0,88.9113913404262,3.24367885433,4.487640270873795,14.814660192346885,2.6956172440326016
60.0,539.1,120093.690476,780.868864427,4.42028042868,2.16395565688,0.125045173389,0.295919338636,12.1893910896,5215.0,20.0,4.5403629067,0.519958794142,0.1,0.0294579511473,0.20573764061900002,0.044499793146699995,0.136569659057,6.289901082457623,75.56040961608274,180.17315043849786,56257,10221,66.478,21535.1,11.491746038761574,102.63817369595958,5.25243172776,4.631209926851724,12.656613821109257,2.538179910252894
61.0,617.995778628,6621.52666667,74.39917603,5.0,0.0,0.788291770036,0.021201487852500003,2.9985133053,222.0,1.0,2.46106908865,0.459909498372,0.0,0.0438796272182,0.07983075154199999,0.00220444836794,0.00359769335907,6.426481626735332,85.7616507991508,188.80180180180184,32535,16898,49.433,3548.52,5.108086009148968,26.08629456778412,23.6904393233,3.2614100640634396,2.0866223426841097,0.7355466546931061
62.0,1263.41994133,8862.545,99.5791573034,4.95556695741,0.0,0.821380144958,0.00294047505511,2.72514194477,12.0,1.0,0.56608573896,0.127058949419,0.0,0.0547768848025,0.0628554817461,8.81384779978e-05,0.0023998751564099996,7.1415775622010464,87.36111111111109,130.41666666666666,57257,33467,90.724,3678.56,6.463724558573291,30.125265877609426,41.9388810197,3.405364217584633,2.16324321951709,0.7716085861034462
63.0,2443.18181818,3318553.6173900003,42038.8887721,4.5163778920499995,2.38201259587,0.17014056730799998,0.822383046849,5.27821218255,103499.0,263.0,4.9285615926499995,0.529694586901,0.0912547528517,0.0314110226467,0.327432910693,0.155402190075,0.0496659253701,7.801056492630849,67.94986796792871,161.77410386257569,181666,67955,249.621,2532.7,9.040463194183554,14.584611670862836,167.517783354,2.67996697772442,1.4901164222815604,0.3988542526643648
64.0,3511.0,487838.3975,5269.02357012,4.53927420155,2.21961419345,0.14089991145300002,0.612623571086,9.30206106609,22191.0,58.0,4.69238239155,0.56015318758,0.103448275862,0.0202874158719,0.229793643081,0.105243506289,0.0994178299195,8.163656176168432,67.61833304712391,177.75739813339402,179536,53040,232.576,42842.8,1.4777573976265717,380.0860177422645,9.23738268736,5.940397589583954,25.177694577734236,3.2259584667491734
65.0,1834.0,388100.32700000005,5916.27220481,4.096967148380001,2.09472904753,0.198308969483,0.27106895863,12.685020684400001,6245.0,12.0,3.72010624576,0.45680984083899995,0.166666666667,0.0220208404385,0.24066486128800002,0.0424489915054,0.154367693021,7.51425465281641,82.9555918689178,183.11314341210752,30547,7813,38.36,36048.9,0.0,1012.6055132961329,1.81116928154,6.920282004213988,21.17968783535423,3.0530426014128147
66.0,13450.0,236429.7455,1482.92424892,4.346319977119999,1.8945141848299998,0.20952268884199998,0.31645390858399997,12.512793679000001,6956.0,20.0,4.3209023446699995,0.47445662215499995,0.0,0.0487733279122,0.197310740609,0.0477420736739,0.14407194244899998,9.506734385029985,88.44492921741791,206.56889247528747,73692,16192,89.884,37006.7,0.0,3253.495144913724,4.134015697250001,8.08748512666828,21.74253959891637,3.0792706917479813
67.0,150.0,76154.4216667,954.107380451,4.73149206349,0.562335144619,0.460393162232,0.0190537011423,17.086155788800003,130.0,4.0,3.35169061931,0.54277098093,0.0,0.0422880810922,0.0781386608563,0.00209265935458,0.237367210604,5.0106352940962555,78.85790422398115,220.1692307692308,36997,12801,49.798,40088.9,10.508452851870677,70.9447685345355,2.11432080333,4.26190166634962,23.552717223218657,3.159241194834941
68.0,279.7,3721640.59358,41786.864128199995,4.5492029328,1.8898180191499998,0.138582382276,0.334110007978,13.584543471300002,33235.0,43.0,3.8919856544699996,0.28074837806999997,0.09302325581399999,0.0304007767839,0.227279660135,0.0587495150945,0.17082828995299998,5.633717600207914,86.55988297214104,141.09115744520506,12924,3550,16.474,15355.5,0.0,153.1638705184174,1.82614868019,5.031508397368509,9.021171265357198,2.1995741776796525
69.0,305.5,15408.0601905,160.464759676,4.515836210530001,2.13833305951,0.103199866154,0.107184982709,12.624186867799999,1213.0,12.0,4.4220674543000005,0.573351546747,0.08333333333330001,0.022059589485299996,0.134484658063,0.0145817005376,0.150104697829,5.72194977861165,83.13577413087538,225.2528977871444,52775,16318,69.093,43133.5,7.776756314777573,112.04106238936866,2.7266788933,4.718865432579803,25.33961742608396,3.232369077150134
70.0,473.0,1515819.07721,19433.4838833,4.522071331819999,2.13466401182,0.155885278914,0.498940994816,1.25554374491,52128.0,127.0,4.40207064628,0.447956892271,0.133858267717,0.036823525449,0.276087216645,0.0882188696063,5.65889095179e-05,6.159095388491933,70.99843558257962,175.67714999862665,64482,17999,82.481,7736.27,5.198050871803938,26.07010981428387,18.1433834905,3.2607894402220725,4.546064963196507,1.5142620155166566
71.0,1895.6508800000001,96730.4159166,1393.36094488,4.74235845174,1.7912740753,0.142732878118,0.362668661717,4.43443942272,9904.0,19.0,3.83733649732,0.462594999903,0.105263157895,0.0204629444872,0.224907661072,0.0573331973852,0.00888109538421,7.547317530838936,72.39942523130243,163.53309644670048,95455,39325,134.78,18632.6,3.1911117986342843,153.98398167559867,12.310701797500004,5.036848581910169,10.948197935179492,2.3931748705893043
72.0,186.73045,748593.673583,9155.11696453,4.26429500748,2.23639510553,0.196999799745,0.641545941842,5.43153229196,27928.0,47.0,4.646924251580001,0.499732455505,0.255319148936,0.0615051097735,0.28970113761,0.114135785871,0.016478099158,5.229666133124727,73.96581177658949,167.96764252696457,53606,18245,71.851,22740.0,5.072992862036197,34.717521995780004,5.37856503764,3.5472445161558266,13.358767533194447,2.592172913343762
74.0,98.3,3300007.81577,44811.523296800005,4.63250845814,1.9216766929900002,0.21850857755800002,0.897100471478,3.2620311617,79987.0,105.0,4.83308261559,0.555833739335,0.171428571429,0.04327713368509999,0.331739352463,0.169262080869,0.000332380475646,4.5880240271531205,80.02198159938494,179.79426297888725,73423,27784,101.207,16302.6,3.269563103577821,9.30069585796967,10.569101656600001,2.2300892207976752,9.57574288603801,2.2592331180662626
75.0,469053.0,163868.36166700002,1243.49918628,4.45946852075,2.32152693552,0.152920672308,0.245957383693,13.275961408699999,2886.0,30.0,4.84760228979,0.615802361784,0.133333333333,0.0276035163613,0.22637008379700002,0.0355872034097,0.145180348478,13.058471047440262,90.80045690055985,253.55084033613446,67888,16233,84.121,21305.3,17.32012552208791,69761.49833534888,6.723665792630001,11.152837536783236,12.511181042372359,2.526622727886176
76.0,13190.2,657369.2912859999,8277.0315016,4.56159069974,2.44434157337,0.15707753206,0.7507212153499999,13.345151478599998,25187.0,71.0,5.10399039887,0.452068172558,0.112676056338,0.038685690426699997,0.267640430629,0.135524744113,0.158704999274,9.487229408598678,67.55704072777063,172.9410080183276,57170,21476,78.646,29284.0,13.352434200349162,2884.3459278756786,4.57302984102,7.967053438464059,17.197788497802204,2.8447807998436683
78.0,211812.0,256349.428333,3384.40297679,4.56554460695,2.4441269399700003,0.183555252971,0.366568823222,12.0335172575,7010.0,28.0,5.04969091067,0.561952272143,0.0,0.04522055836780001,0.250343621001,0.057953285759500005,0.128433376636,12.26345436776828,80.29242451574748,201.62741911656082,116543,26187,142.73,34253.9,3.2962365472586237,29854.155273072844,7.094891751670001,10.304079314260681,20.117290720665906,3.0015796801340797
79.0,77056.8,622305.0955,7412.30571198,4.684806619980001,2.2834826842,0.200210375079,0.671740340891,7.802459035730001,20656.0,45.0,5.2192189479,0.578485261849,0.222222222222,0.0503584054036,0.28207431585799997,0.116052465043,0.061951956818199996,11.252298091234346,86.91586980459715,217.67700862696185,127134,31547,158.681,23987.5,3.887052219840445,6842.02465609269,11.262280373600001,8.830838969169275,14.08959773119886,2.645436775552631
81.0,5025.2,1095469.5308299998,14204.624909900002,4.46482233459,2.11660093449,0.155913156991,0.674258677757,7.170207567210001,34043.0,38.0,4.4866613397,0.508973299454,0.157894736842,0.0320807426914,0.289096267804,0.12196444265100001,0.0384090011681,8.522220533130263,79.21916531396988,175.4955890765664,172456,38850,211.306,24749.5,1.864091401294999,345.69211847974094,14.5366345698,5.845548547939714,14.536101804401845,2.676635334674315
83.0,231.03354,898840.375583,9415.552134,4.10470469612,1.84704149407,0.23864475983000003,0.549490476607,5.6580700000999995,40578.0,33.0,3.3206157810100003,0.32388877716,0.363636363636,0.15032662915699999,0.28240277086800003,0.0947510544813,0.014372558553799998,5.442562894787243,74.79615712095148,136.47406908171862,42606,10879,53.485,13991.1,0.0,35.48873328027404,6.5100531533599995,3.5692152737214493,8.215754731955617,2.1060536196923008
84.0,12784.0,4678390.89908,308863.126865,4.547282537769999,2.23253857447,0.160189969552,0.552765136186,12.6139236706,85671.0,104.0,3.7470469620999998,0.298484676165,0.192307692308,0.040046034087099995,0.283892269044,0.104922788682,0.14587902910199999,9.455949668006056,64.29026343463622,123.6809362058536,51477,17959,69.436,17253.2,17.487370444852047,1865.404849851611,6.85320401146,7.531233386188393,10.131903250492527,2.3156891831886393
85.0,2342.55542717,371852.869167,5697.28292487,4.33936293501,1.8848713335799998,0.176778398088,0.24227922543400002,2.49228918213,5893.0,13.0,4.21045021557,0.509336247707,0.153846153846,0.025255228669799998,0.19097372653499997,0.0373653960391,0.0020952535628000002,7.758997675378005,63.748602565449744,144.8445370538141,105407,51606,157.013,14957.3,4.748447548120483,131.0602552760208,17.8738811567,4.875657181389255,8.784493900539553,2.172988110479234
86.0,5146.5,383502.769492,4705.90998287,4.47990151417,2.08126438016,0.18650504536499998,0.4768102664600001,14.0130055807,21296.0,57.0,4.89353053743,0.384616646703,0.105263157895,0.0206693368806,0.236372865295,0.08120132758700001,0.16939615957,8.546072150966614,97.78030872608757,190.7932816537468,61366,22643,84.009,15194.5,0.0,546.5964006508057,9.41553949838,6.303710688493885,8.922377736767421,2.1885624734883415
87.0,19223.7,181397.11425,1199.83109453,4.51863087479,2.29582788345,0.13697310076400002,0.38776096183799996,15.041052931600001,9015.0,48.0,4.56503640618,0.517431524274,0.0625,0.0321889998127,0.22379959490600002,0.0625306499041,0.186548494301,9.863899171801405,76.04195277910415,197.81961928154743,36702,7084,43.786,36896.0,9.757905902631986,9509.876042922559,2.02144590668,9.160086121061486,21.660732971041327,3.0755010808452266
89.0,19.8,19935.8016667,115.29329965299999,4.37142857143,1.1537419427,0.316768916111,0.11787565229599999,2.71612650201,1333.0,7.0,4.191821163859999,0.640672040793,0.0,0.056044884590300006,0.137741562934,0.0136726412145,0.000161895955555,2.9856819377004897,63.822259831758956,181.0042780748663,8891,884,9.775,3861.99,6.074672382930763,4.593085704975855,4.310827463670001,1.524552065081571,2.2675460992999485,0.8186982332525108
91.0,1312.0271300000002,460634.24343599996,7377.21446428,4.50472827175,2.03783743212,0.20962048602299999,0.551619717451,4.92000514899,25632.0,69.0,4.41095705092,0.492218890438,0.0289855072464,0.054695813805,0.297240837253,0.0905592402142,0.007061482362189999,7.179328647643898,64.34654416289415,146.36188331627432,116416,34405,150.821,28655.8,9.983558374400564,146.39077755622293,8.9624985392,4.98627960470841,16.828008321601622,2.8230446602374
92.0,3566.54706639,259149.3225,3873.5880159999997,4.55337670576,2.13900610852,0.15379537197100002,0.389801077615,5.09006150201,8335.0,31.0,4.82441361216,0.528979504106,0.258064516129,0.0633173918611,0.225103862635,0.0621498266572,0.0414556054641,8.179353198431802,59.92630539262711,162.75732278851783,118094,59479,177.573,7682.65,9.51132571655875,90.6205410934535,39.356938541299996,4.506680910236985,4.511860083163232,1.5067095037777127
93.0,1080.0,14848.05875,181.711859252,4.28903595677,1.09861228867,0.199429517705,0.11594438119000001,15.7425347327,1641.0,6.0,3.7278023859599996,0.46373639427599994,0.0,0.0436894330858,0.150260437346,0.014879455674999998,0.191056285779,6.984716320118266,73.7720019122806,159.05302515295716,40308,9053,49.361,29310.2,8.126848025458001,376.3994247961478,2.86929237627,5.930650879538292,17.203196303113565,2.845095198131229
94.0,1491.41838393,231040.574167,2703.32516794,4.65539016146,1.63134542081,0.205238795656,0.387783144754,6.69389732346,7227.0,13.0,4.66913175632,0.558449125773,0.153846153846,0.0176980915244,0.185069001482,0.06269437347080001,0.0642936432214,7.307482881659711,82.76330527040805,214.07952893282933,107943,27939,135.882,44704.3,4.904974475702194,288.0080328235879,5.17839162091,5.662988371495548,26.240193856972414,3.267292351890535
95.0,1200.84894016,169551.04833299998,582.402495985,4.67143507999,2.1065773332299997,0.107662909376,0.124137278155,8.87324238116,1315.0,14.0,4.58736165583,0.654301978407,0.07142857142860001,0.0193044032678,0.16086249938799999,0.017456686484400002,0.0949799612834,7.09078403578454,75.37355948643547,237.52222222222218,37674,9433,47.107,39570.4,4.894742657620826,592.0566787786553,2.02826685891,6.383602371481272,23.22524760145,3.1452399456312334
96.0,629.3,81937.4516667,1079.38067161,4.15089922053,1.74815545725,0.113152584664,0.154768967089,1.5808080386599999,1959.0,12.0,4.325728934090001,0.60243258718,0.25,0.0467657867407,0.11944706109999999,0.0175205432602,8.82126101556e-05,6.4446080905328875,79.63944658030934,198.6416758544653,72611,27294,99.905,1393.79,6.180902079512054,5.160678538574389,121.94132909000001,1.6410680705718594,0.819287445409621,-0.19932028550893233
97.0,55834.0,80931.9025,1093.44208471,4.62236737058,2.30342706588,0.128140355016,0.282263358197,15.7031575319,4870.0,23.0,4.76222027005,0.5357545808240001,0.08695652173910001,0.0315703772223,0.18721602848700003,0.0413652177253,0.193832904721,10.930138281806371,62.19688708974528,166.38623775031957,43731,10750,54.481,36312.7,0.0,21842.143865603644,2.55625090392,9.991596587385724,21.31285309922184,3.0593103226119163
98.0,648.9,37297.28325,531.25743234,4.432096216280001,1.7672569735900003,0.145916505265,0.216175963314,2.22681194472,2257.0,22.0,4.74513897509,0.775539143894,0.0909090909091,0.0171671973212,0.170808703628,0.0195424484402,0.000807466670631,6.4752786216271225,64.88587194217547,179.89527520701412,42446,10840,53.286,1429.51,7.241475326512121,10.227291309146231,63.44788472190001,2.325059765738752,0.839838873014588,-0.17454522338394865
99.0,11049.2,1761420.66292,4062.07607781,4.39241028021,2.1621826992299997,0.233005745733,0.6380335748439999,10.1531064362,21540.0,33.0,4.36497314311,0.525702691089,0.181818181818,0.038245243488,0.30469136183699996,0.111322772403,0.09068426699969999,9.310113306134978,92.41443690012615,216.19929178470252,118455,27790,146.245,22263.2,4.394289628958475,987.3709712289324,11.1905254681,6.8950458261915974,13.068644579460523,2.5702158175499727
100.0,622.2,328653.048667,3363.87576537,4.5174642797099995,1.9340564852200002,0.17786536491399998,0.54977748565,6.02741887786,11616.0,40.0,4.95736583037,0.636072780306,0.025,0.0417461394851,0.268299906436,0.0882332462311,0.0305660722857,6.433261584463537,77.37764373912285,209.20207969080704,106744,43708,150.452,19924.9,5.803186669907847,48.37106415172696,12.863062058099999,3.878901786835333,11.69643738951402,2.4592842988124675
101.0,8633.0,455162.9595,5233.79848236,4.51013332405,2.34233965035,0.146098059739,0.585792219674,12.533760364900001,18292.0,39.0,4.5761510772000005,0.5138369619300001,0.0512820512821,0.040109320403800004,0.24673618182100002,0.10261279727099999,0.134071392654,9.063347348235522,72.5213732113868,206.81098476721732,95497,28605,124.102,34285.4,4.6600738105235235,1399.6114566902925,6.168140421209999,7.243949946149008,20.119840263891888,3.0017064060296397
102.0,1441.1,292211.674583,1197.78175259,4.637085627009999,1.95134960625,0.14521569789799998,0.29648510334899997,8.93412534362,5056.0,21.0,5.03546147199,0.601626465614,0.0,0.0419962425791,0.19347921551,0.0447631710908,0.07188512743730001,7.273161989844316,69.12535969578437,186.4875128998968,107542,32206,139.748,21885.1,4.848533734061125,132.4557975049188,10.8798559757,4.88624898603171,12.84465532559669,2.55292779685007
103.0,978.0,206029.73232100002,2500.00785302,4.558140145019999,2.35813631601,0.125029189562,0.430193092281,12.0113616647,9205.0,69.0,5.229482887830001,0.534766992403,0.0724637681159,0.023337028292099996,0.22201848804699997,0.0680088881788,0.12736386565,6.885509670034818,73.71328082165773,183.24256850905712,95433,29901,125.334,21226.9,8.73761905814236,97.20033617097634,10.061693596200001,4.576774170009552,12.45655105690506,2.522246673831309
104.0,103.5,20441.9672619,313.623275904,4.55905914624,1.60943791243,0.162526976854,0.15459086201199998,2.66058794147,843.0,10.0,4.6251761556,0.7559725768100001,0.0,0.0440415564647,0.172026158038,0.010026679981799999,0.0007230653701130001,4.639571612705423,62.44097333732565,182.5195729537366,80413,10136,90.549,17894.9,5.854036374886742,12.004642034678874,8.62166482774,2.485293411209398,10.502495957469927,2.3516129391501073
105.0,286.4,122121.757976,1087.11736402,4.46117645123,2.0954462033200003,0.13566926135399998,0.24878031875,14.9854700612,5816.0,32.0,4.53098963811,0.385899371626,0.0625,0.027767990883999998,0.209953363334,0.0371770882479,0.178089763277,5.657389435086491,76.20066647027734,150.4117954070981,49196,9400,58.596,38543.4,0.0,110.54621426806332,2.5907716686300004,4.705433662194831,22.617199620291338,3.118710661975864
106.0,3515.11884626,4405258.15075,52986.8773258,4.5470942266500005,2.46013464612,0.172821241334,0.846137130027,6.265958722070001,124967.0,241.0,4.731563657780001,0.418132271747,0.174273858921,0.0369526637749,0.315175660856,0.165209786019,0.0527848068481,8.164828614842454,73.52330020128328,166.6317945594404,61588,19370,80.958,2260.72,11.518618373074627,57.66899249684355,60.95335975310001,4.05471963733155,1.328195858734146,0.2838215241661039
107.0,138.01357,42879.0964167,391.84772698300003,4.479035311540001,1.68869931303,0.141409838741,0.194325213039,3.12573360148,2406.0,16.0,4.7284683448400004,0.7176946826520001,0.0625,0.022822446743299998,0.15507855598099998,0.021216495482400004,0.0028841424996099998,4.927352013656133,66.32538101730145,191.26639757820385,75736,11822,87.558,21048.5,0.0,19.471717768228086,7.087899056609999,2.968963041903691,12.3531668976501,2.5139124591612223
109.0,277.86678,543173.166071,12352.885767200001,4.45414825886,1.8538120985099997,0.133573783217,0.21836259813099998,2.8746352578900005,40658.0,31.0,1.51296282234,0.147897205832,0.193548387097,0.0307922595594,0.22055838566799998,0.0346364662008,0.00111438774218,5.627141790200391,44.570247883364104,66.45140742232739,17395,5874,23.269,4222.78,7.821639300788932,29.5935751988837,9.389429230249998,3.387557283678599,2.4782124056097126,0.907537496083018
110.0,428.1,119959.99117899999,1304.4764619,4.5941062074,2.15203482943,0.121404878098,0.379479359243,13.1211268497,9200.0,63.0,4.72517335809,0.478558012868,0.0952380952381,0.0281980516951,0.203104812459,0.059934177665999996,0.147004831413,6.059356813150901,78.12497235366791,183.5254540451293,44358,8963,53.321,28328.3,5.745994563656051,133.4297572422347,3.2084297299799998,4.893575176388474,16.61903313691473,2.8105486130608863
111.0,7262.2,630905.74975,4504.91354981,4.35966340366,2.36036125577,0.141320906802,0.5373031597869999,14.0027268671,18059.0,55.0,4.8958254849900005,0.48752283177199995,0.109090909091,0.020506311874099997,0.239459017589,0.09158992414280001,0.164381827289,8.890438092217464,99.56532985782127,212.1619455159113,82273,14351,96.624,35935.7,2.933570528828092,1584.651810667999,4.58283640047,7.368119984366688,21.083885951087098,3.04850904971477
112.0,7684.0,516751.945833,5690.76398008,4.56673273054,2.4541375849200002,0.162165402945,0.567880541882,13.0360696494,18060.0,37.0,4.811227350299999,0.469611174017,0.0540540540541,0.0383573863814,0.26244919524300003,0.09557301012229999,0.138447121442,8.946895523888447,72.36018587180635,174.18368495077354,130925,36153,167.078,28910.6,0.0,780.3267547370577,9.847156916449999,6.65971274829225,16.96713085996332,2.831277993647511
113.0,15307.4,356848.12625,2460.37186422,4.5431397020699995,2.10173521229,0.167999362388,0.743336766698,12.9046894578,29645.0,33.0,4.57759902631,0.508489401249,0.272727272727,0.07093921962869999,0.254965606963,0.133900912184,0.15218561094,9.636091650585385,93.3248441341535,213.37154779969646,46018,11124,57.142,29218.5,0.0,4592.590955255007,3.33306409152,8.432199622065726,17.143984763263628,2.8416473694205093
114.0,1503.41830196,2506574.92208,27358.2761059,4.54388040358,2.53863449205,0.191667684626,0.95331566206,2.27532048998,89453.0,58.0,4.82020827259,0.542798504639,0.155172413793,0.0404274507975,0.329918353287,0.184602667674,0.00202236185358,7.315496662382187,78.85795837183058,185.25433056239257,120605,75132,195.737,7876.36,5.709000906057324,35.50128520381996,42.3482781913,3.569568898750566,4.62207693818853,1.5308441577951093
116.0,54.1,63668.905,648.809453125,3.7367729695699996,1.09861228867,0.280859654706,0.250852685699,1.9328662127400003,11546.0,3.0,2.5322437024,0.18283757156599997,0.0,0.042228374753199995,0.20709706619000004,0.0280990312739,0.000499625535581,3.9908341858524357,38.31146497311725,70.44922496025437,34555,4960,39.515,16754.1,0.0,13.45557106014374,4.02063946288,2.5993932255036962,9.828038640324952,2.285239386308199
117.0,3789.3,323107.391833,2481.15031939,4.70924363797,2.1851591479400003,0.134163031037,0.37171691279799995,9.329635569239999,9908.0,32.0,4.470930405990001,0.469744779341,0.0,0.0485091854765,0.204030211497,0.0609190204043,0.0722381112621,8.239936584448039,94.70379675110527,208.54317463553883,138411,26349,164.76,28871.3,15.666438310755561,389.50288823454497,9.72855430463,5.964871280519626,16.93571262911979,2.8294245656394668
118.0,1081.70689685,2528573.70083,32125.785574299996,4.69067183486,2.50633556057,0.156457587385,0.708652312136,5.24955767079,27708.0,47.0,4.79923794028,0.54639893062,0.170212765957,0.0337329765225,0.266030315644,0.128654786473,0.0419249089688,6.986295532551944,56.23814022298602,152.5716160972134,86525,46292,132.817,11676.8,12.239309628516496,55.805352105996164,19.3835690669,4.021869780665699,6.852040485505971,1.924546489012131
119.0,2765.12396928,12459.0,217.084421867,4.85,0.6931471805600001,0.297117936754,0.017712174703200002,6.72099665816,103.0,2.0,3.4347061886400003,0.657742180081,0.0,0.05897616327000001,0.09187600005419999,0.00194413598402,0.0446934924502,7.924840748134009,71.59877117488769,240.45631067961162,18473,2292,20.765,14221.8,0.0,1110.486350966046,2.4900116664,7.0125533523684,8.339318357500527,2.1209814813158716
120.0,2546.6,535567.081952,7471.80685098,4.66839102803,2.16744696778,0.159281785115,0.555077669604,9.70591033697,30574.0,69.0,4.55981181003,0.511170794387,0.159420289855,0.036705003316599996,0.267431222176,0.103197258622,0.08319004742779999,7.842514415139335,65.05318932353643,155.51026549346741,158776,40945,199.721,33360.8,0.0,249.48624087111736,10.207376531500001,5.5194037668617835,19.566340027102974,2.9738107443521353
121.0,4311.39912136,1096905.74283,10895.1369124,4.630360414069999,2.44338637545,0.181495155715,0.6881163860349999,11.1830351344,22278.0,78.0,5.12581837044,0.577265850267,0.102564102564,0.029559390372599997,0.27727094993900003,0.123252500728,0.123331290302,8.369017752544721,89.88330617316885,229.41617794684842,31741,12619,44.36,4444.07,12.0344301783386,253.36274625993508,17.0167050405,5.534822241530398,2.6068501448677974,0.9581426514686868
122.0,1401.41899869,106158.069583,1082.2160651,4.73919110652,1.1537419427,0.308985029963,0.21580902451099998,12.1667496257,3071.0,7.0,4.24642730327,0.547581425814,0.0,0.0416574174483,0.169670352025,0.0337837287743,0.133831394128,7.24524057278046,86.26403448021601,224.34646694887658,51880,14310,66.19,36473.1,0.0,452.82061246453236,3.09486573737,6.1154960480801925,21.38703440371145,3.0627848694295783
123.0,4691.0,88696.5970834,477.81450920099996,4.581058333480001,2.14584175259,0.143499249475,0.394454879279,11.3926182921,9742.0,22.0,3.81391886747,0.497040203596,0.181818181818,0.0293388731357,0.243916491215,0.0648185747612,0.12011081216399999,8.453401058328458,71.11229022970346,192.33394394577758,116768,26430,143.198,36632.5,0.0,703.7162492692131,6.6660390532,6.556375219894215,21.481722332733487,3.067202449514323
124.0,11044.4,189989.28533299998,1162.37678525,4.247482639419999,2.27323236518,0.11669075412299999,0.286617389773,12.1946717778,3985.0,33.0,4.62056363049,0.572168566126,0.151515151515,0.021031754553099996,0.20171715049000002,0.0414870598285,0.13331249869,9.30967879115548,72.60784712336374,207.735883424408,112058,22311,134.369,27189.0,22.171863605224193,1310.607957134897,8.42692884617,7.178246397954963,15.94519218719523,2.769157353521727
125.0,2908.8,235448.495,1680.63721791,4.28599547908,2.1065773332299997,0.149700625524,0.46721987133000004,6.01423631038,14722.0,14.0,4.1249751333699995,0.49508097680200003,0.07142857142860001,0.0210412783509,0.23675785758600001,0.0839408390632,0.0337379080764,7.97549590398316,100.81704574856421,215.82946981868255,102397,45217,147.614,27183.1,9.012729000464077,314.1625178295133,9.258902112500001,5.749910424719155,15.942926948186805,2.76901527935281
126.0,1826.55895181,121515.00333299999,914.206939225,4.688657378669999,2.0794415416799996,0.199236616465,0.500771590175,9.68245939043,11324.0,16.0,4.62308711352,0.605196904304,0.125,0.020750211711099996,0.270344182736,0.0846758373625,0.09627808852299999,7.510189121548045,74.2392504845977,198.10528972339998,68454,19441,87.895,35912.3,5.869903427548563,437.51396205590567,4.1748586564600005,6.081108618559093,21.05340736841353,3.04706241726224
127.0,2397.85774,948701.3249840001,17606.1042872,4.3430092282,2.15937461018,0.147036465686,0.330403775846,5.45525143257,50777.0,84.0,2.4028625235099996,0.27699903256499997,0.130952380952,0.0261491242615,0.282652241795,0.05560008613030001,0.008795642628149998,7.782331009390664,68.06141290328964,185.7874869783688,59783,24939,84.722,2691.71,9.887494199023225,44.720734087392685,53.6184789658,3.80043724390426,1.580089581691399,0.4574815427046831
128.0,4542.0,4057725.55441,45769.35590280001,4.57377098198,2.3039488958099996,0.177915231811,0.96558200636,9.67277845487,92063.0,125.0,4.8642863505500005,0.552311659644,0.184,0.04595561714430001,0.324616542181,0.186815644458,0.089740617685,8.421122722665503,71.03365147658111,180.05813077802014,201614,66041,267.655,19296.0,19.748889527303263,191.9592483789027,23.6612720583,5.257283101473433,11.311944655406252,2.425859216586224
129.0,2003.98631128,967426.43,14624.8004134,4.6387172121399995,2.44224117855,0.13365603205499998,0.777166547376,10.5292340147,20876.0,51.0,5.472040127710001,0.66589314092,0.0980392156863,0.0316680861,0.250950785297,0.137005920302,0.11125302866100001,7.602893631482823,67.5908343994295,204.50549884105143,108406,20962,129.368,22162.2,14.322777397184591,201.23489472824133,9.958443410049998,5.3044728562307615,12.99078527367466,2.5642402810242992
130.0,3.7,4.68333333333,,4.62320441989,0.0,0.999746713028,0.013126211562299999,0.108404777601,38.0,1.0,2.76010348481,0.764352971548,0.0,0.049238958713600005,0.09520052485160001,0.0008294003716399999,7.893919635989999e-06,1.308332819650179,71.50292307692307,292.88,4364,642,5.006,100.361,0.0,0.043516665210958434,85.0248975206,-3.1346113059568497,0.058876871904339975,-2.832306932597446
131.0,1511.13253498,829317.006667,9795.36165966,4.5656264275,2.26285773036,0.141400261037,0.584347934243,6.6368060819800005,15121.0,40.0,5.0767963959,0.583474456773,0.075,0.0255539711887,0.251694017228,0.104852777631,0.0635229005991,7.320614671847718,80.06142896318455,209.188242236483,70367,25068,95.435,16750.9,7.5079666747696185,155.4719650086772,9.71964646421,5.046465426031948,9.818772766212629,2.284296141665841
132.0,1973.1,74316.579,811.541583494,4.8249988122400005,1.74786809747,0.245533100825,0.140984631181,5.39572212036,2037.0,7.0,4.10094947837,0.521416618157,0.14285714285700002,0.029354497346900002,0.155980342176,0.0200115746589,0.0278076948422,7.587361188975415,74.94096240786443,196.20277920741123,37548,6546,44.094,44434.1,0.0,1164.8463766394298,1.6938714319500001,7.0603444917592215,26.03149162816837,3.259307021558596
134.0,3917.0,505654.665976,6583.99762182,4.66185982836,2.15981703176,0.19415312929900003,0.6308716818110001,7.4862758841899995,18013.0,40.0,5.2002176987599995,0.582965180781,0.25,0.0634934900619,0.283953665621,0.111216982226,0.05317031710080001,8.27308133366583,74.33277247712694,198.17723557096852,159637,63333,222.97,77172.3,0.0,794.4563985934336,4.93041532164,6.677658105419172,45.22337074148019,3.81161400501562
135.0,77.3294,9695.19416667,81.130463975,4.32293584849,1.7917594692299998,0.201034696497,0.0970963243908,1.9336234268999999,519.0,6.0,3.99346892802,0.7622910157439999,0.0,0.0619392431358,0.11127523908600001,0.0069755978401299995,0.000872433897844,4.348074219635716,68.64169934049868,214.34545454545452,30462,10739,41.201,1718.0,6.99703873947537,1.8906106814259278,40.9018105947,0.6368998887477242,1.0073148205653948,0.007288197017592584
136.0,1698.84553847,190211.049,883.661590273,4.67735823501,2.38955663325,0.142833249868,0.254547930596,6.46595497914,4326.0,22.0,4.5984646562,0.580634129225,0.0454545454545,0.03330308579,0.225873582293,0.039000999160899996,0.0426840453076,7.437704204337193,74.18772994760599,200.1204754186926,114994,59890,174.884,11831.8,12.475702194426642,67.36460565312457,25.2186667168,4.210119741306977,6.934704437943063,1.936538433960684
137.0,3017.12224795,463142.175417,8223.75203697,4.586093121459999,1.96055075675,0.15200304396,0.37078307549999995,8.550503034650001,9846.0,26.0,4.32957162691,0.490327576944,0.269230769231,0.061334622218000005,0.18815956648200002,0.0627840865033,0.0726744054953,8.012058758043166,77.2473682749557,182.6643754444181,72415,21837,94.252,19072.4,13.300987823473514,357.7559907276693,8.43346394231,5.87985116386636,11.17595339764784,2.413764452086253
139.0,169.8,2520464.04642,27099.768011799995,4.57977207545,2.49072501277,0.168460316834,0.924948479005,7.46514564003,73501.0,63.0,4.66679009069,0.542390704303,0.126984126984,0.0304045391042,0.292623924989,0.179983424856,0.0497999158315,5.134621273877247,77.40719633128073,190.43933657833063,144700,46563,191.263,19213.1,10.024529844644317,9.997820825925757,16.983701044100002,2.302367151839173,11.261561864717537,2.4213953222146625
140.0,1292.5625994000002,962215.963333,12394.931573799999,4.457141527,1.7480673485499998,0.19262556468800002,0.223174438677,2.35558598123,4875.0,10.0,4.04126226304,0.516606087897,0.1,0.020447959867099998,0.191792241178,0.0333637031841,0.00896104468576,7.164382038014396,67.59910812620383,161.66516613076098,88541,48308,136.849,5613.24,10.356898190095245,31.084201921508146,41.582621380099994,3.4366997133208828,3.291014261681232,1.1911958034921448
141.0,1698.84553847,870180.9689399999,9726.41046656,4.80134807332,2.01973892021,0.275149953954,0.5676608535450001,4.41733121062,41591.0,69.0,4.031604634090001,0.41791052430200004,0.08695652173910001,0.029855111082099997,0.282911785729,0.109036864061,0.0354470109243,7.437704204337193,79.02022102708537,168.2148867149881,168167,72272,240.439,24310.2,13.928686658858366,100.63912954877313,16.880566695,4.611541143757067,14.243538403910202,2.656303358537598
142.0,3.1,17309.1738333,133.49313676399998,4.39632646409,1.9251211907900003,0.116063509821,0.116017711324,0.0,530.0,13.0,4.450875577390001,0.6821179606910001,0.0769230769231,0.0158207768704,0.120837661139,0.00727287055502,0.0,1.1314021114911006,83.59367316280334,221.77056277056283,32149,7254,39.403,1080.26,0.0,0.04985255138376535,62.183377058,-2.9986856026650397,0.6336580910240341,-0.45624575861893757
143.0,1566.7,25440.76125,298.674765625,4.50002687224,0.0,0.790469846278,0.105557187699,6.59480841971,1365.0,3.0,3.9706385242300004,0.5457078160409999,0.0,0.0436233537555,0.13550983072699999,0.0142432761892,0.040397839573499995,7.356726775399442,78.77020603719278,195.781388478582,51785,6396,58.181,18158.0,18.468895715011822,286.3718409315934,5.47085912813,5.65729110948311,10.634709949091105,2.3641231750401386
144.0,1907.2,1982090.83858,22270.8429046,4.56665651346,2.47672177017,0.179687033877,0.878272119515,7.36624813908,57221.0,117.0,5.45090478122,0.705099268228,0.0940170940171,0.0401025369451,0.29756807696,0.16545222667099999,0.057751519634699995,7.553391476871031,68.65566753795915,190.444127076654,243307,67946,311.253,35375.2,0.0,126.96615644260912,15.0213257882,4.843920566241368,20.720740924513116,3.0311351756570213
145.0,3566.54706639,1458508.9876700002,10586.2483177,4.62648645419,2.3815042183200004,0.160317800812,0.763813332378,6.207122521790001,23483.0,66.0,5.67911654957,0.654244575029,0.106060606061,0.0308818452518,0.287640329756,0.13702306475099998,0.0505574420457,8.179353198431802,110.08309004919307,279.9577092511013,141433,54923,196.356,19819.3,5.524806081633554,210.83823500127667,16.9160354922,5.351091180681224,11.607684323583971,2.4516673204829487
146.0,2197.6,103005.95083300001,880.077684847,4.5469514150300006,2.0794415416799996,0.12215355985700001,0.09523051415969999,5.424495726209999,26518.0,16.0,0.9586132238789999,0.08042425732030001,0.125,0.025571238281799996,0.20239089762200002,0.0159027530914,0.00931200290413,7.695121134781064,64.49987932391498,149.81643410852712,28535,16324,44.859,711.626,10.795584627964022,20.435194597853783,107.539959528,3.017258639743289,0.417137966174519,-0.8743382577679587
147.0,315.0,587.2475,1.92248251748,4.50235772358,1.09861228867,0.36153823090000003,0.012807894099399999,5.01727887289,94.0,3.0,2.82051425121,0.687491620495,0.33333333333299997,0.0967629308075,0.09359414944569999,0.00144167867346,0.025214408141200004,5.752572638825633,78.58366232532899,255.09259259259255,15692,9247,24.939,9620.93,0.0,71.14893678305957,4.42733249775,4.26477538110811,5.632962966453088,1.7286355854995379
150.0,1323.1,72474.66833330001,691.022036758,4.407843860290001,1.9862665178599999,0.125536782203,0.08511991927660001,0.951675425459,1139.0,19.0,4.12783365876,0.506442540587,0.0,0.04621159857940001,0.106146444704,0.008525709334919999,3.02082998804e-05,7.187732747048365,56.88960998001495,141.65948717948714,104143,38850,142.993,1263.26,5.235000331484387,6.850824236704198,193.130046004,1.9243689715616383,0.7403974832431739,-0.30056809747391233
151.0,371.8,447461.151333,6340.38604649,4.59698605422,1.81698317338,0.205240620177,0.666680521022,3.22623601853,25613.0,18.0,4.9346356939,0.61118563351,0.166666666667,0.0348698694234,0.304730773792,0.116191345131,0.00868504604635,5.918356075287344,65.85910458892319,173.52004454342983,106585,52986,159.571,31393.8,0.0,42.817212111910315,8.68342383031,3.7569401738936867,18.376507138003337,2.9110730628511803
153.0,3718.7,66983.7295,988.058113449,4.60582962195,1.42706104338,0.184477327115,0.158875035684,3.6000142914099995,2880.0,9.0,3.9386645928699995,0.46647274987,0.222222222222,0.0353720642358,0.161503132249,0.020614627213,0.00980824811847,8.2211294238254,71.9602027942804,169.94284386617105,28062,23247,51.309,16182.7,0.0,686.4634766767962,5.41718551146,6.531553021573941,9.471523522954188,2.2482897731342066
154.0,1511.13253498,508081.14625,9419.76678318,4.69614511246,2.34573740386,0.15888019285,0.448759856024,6.63093204704,9932.0,20.0,4.41685459255,0.573025702849,0.15,0.021441520643500002,0.202805803614,0.07593932178650001,0.0515092756149,7.320614671847718,86.99554523350771,224.3861103912931,105263,36458,141.721,7489.95,17.62882588230094,46.75392527204159,32.3209768204,3.84489821524832,4.3847994071314735,1.4781438795398247
155.0,5023.67997023,1806619.0488900002,18935.3912677,4.6116994900599995,2.4737682860900003,0.194560153191,0.7667257315739999,1.45425107282,41724.0,67.0,4.84125501582,0.565193145994,0.014925373134299999,0.0517115471049,0.303821482134,0.14303891372000002,0.0031614171731599995,8.521918005926018,65.10764676080994,172.5101367279585,123665,63526,187.191,3257.28,10.77843583567214,51.163077597475414,98.18955790260001,3.9350181312241417,1.9064247156065794,0.6452296112623027
156.0,576.5,62990.63166669999,461.65286972900003,4.72816688131,1.8462202193200001,0.11686012830800001,0.159954758689,3.2646996881200003,2399.0,11.0,4.2005665172199995,0.532192030448,0.0909090909091,0.028481390751799996,0.17420934308,0.021731869453400002,0.005348116857199999,6.3569753397091135,79.29830402029404,203.22269161134582,73524,37224,110.748,10755.8,10.072683476608251,32.747492129237315,17.6044015134,3.4888263829426593,6.290926727369947,1.8391083933049857
157.0,322.0,0.0,,4.9,0.0,1.14600436057,0.00043227668333699993,0.190679134418,13.0,1.0,0.5359610497089999,0.266093954051,0.0,0.0453734493603,0.05668804467540001,6.88954125939e-05,2.27469407821e-08,5.7745515455444085,89.33333333333334,311.0,50800,22486,73.286,2221.39,5.943957039623434,5.710296178275157,56.3893692984,1.7422708924234398,1.2996421295685503,0.2620889416223657
159.0,1040.56432074,9780.78333333,,4.63333333333,0.636514168295,0.49749175166799997,0.0239835459851,1.19346595148,341.0,3.0,2.6095211377700003,0.485112564714,0.666666666667,0.581139443802,0.0752556878525,0.00305932510974,0.00129369397026,6.947518461068691,76.09878083437773,201.80392156862743,23876,13580,37.456,1074.75,9.491834434598129,17.46091214835126,59.5939268178,2.859964791220493,0.6285204214603347,-0.46438675910048893
160.0,994.0,24581.9829167,266.35315103,4.14878358268,1.80650716526,0.120332772456,0.0963079857453,0.5644590077839999,1310.0,15.0,4.0257253011800005,0.513072181165,0.266666666667,0.054468115157199994,0.137284347178,0.0108145912994,1.96068006333e-05,6.901737206656574,69.24786078151763,173.30535152151103,69830,30512,100.342,1347.07,4.713685885394798,7.804912668227677,127.35568509900003,2.0547533646962983,0.7878878742005045,-0.23839949087239665
161.0,4974.8231611,82801.20666669999,1515.15156685,4.42515223394,1.9428966910499998,0.113438430039,0.229896262973,1.71693368394,4919.0,32.0,4.769036682119999,0.5333174815649999,0.0625,0.0250837545573,0.167530522954,0.031531112696500004,0.00011151682839700001,8.512145103453399,58.62886368341354,153.74604221635886,20512,5679,26.191,2457.75,0.0,272.8463695694464,18.2330560929,5.60890888795254,1.4364569420810833,0.3621796248014657
163.0,202.4,26456.2,,4.44561101549,1.1537419427,0.268447054531,0.106163105518,0.936444003511,1515.0,7.0,3.13797262359,0.461985924213,0.14285714285700002,0.0148159017349,0.16738966544199999,0.0127380062591,0.000344788849514,5.310245937413311,67.94451462113729,174.0485021398003,147360,80605,227.965,13364.9,7.504298247552539,6.936353726036817,29.179596080899998,1.9367762367414132,7.812479630217307,2.055722407726936
164.0,322.0,223530.57,3030.30764613,4.2995913619,2.0575754913999997,0.158311412244,0.326702202009,2.05773294621,9516.0,40.0,4.15976836709,0.48865518787,0.05,0.0409453713805,0.243263428846,0.044168275595100004,0.000233181624838,5.7745515455444085,80.26371396304849,173.7898427539311,48531,7169,55.7,5867.7,0.0,19.80735750908364,16.2565854558,2.986053460045376,3.4263037678756483,1.2314820614342061
165.0,1238.5,1906617.9198,35422.4961773,4.4669625466800005,2.2944622949099998,0.167171870755,0.7931782381739999,3.03519475803,73492.0,128.0,4.54062229196,0.502674471426,0.140625,0.038849643918699994,0.322887111549,0.144435782086,0.004608463637560001,7.121656248929415,62.7430489671476,142.3454706527125,306311,162896,469.207,15727.7,5.595213365450487,24.256157956717686,51.0591991613,3.1886705215066042,9.189470412916943,2.218058308256306
166.0,205.9,734041.845147,6027.46351711,4.52800554387,2.4209730951400004,0.164278872593,0.613019078634,3.68546382615,36423.0,72.0,4.39210982834,0.477823551243,0.111111111111,0.0386218596608,0.304582842468,0.111313861306,0.012414431162600001,5.327390614033744,63.45172606116079,157.843737494998,128887,65623,194.51,1082.46,8.719542109566639,0.6699810848403702,307.322109025,-0.4005057985771809,0.6329189937459951,-0.457412836992324
167.0,350.0,1011.5825,14.3205643128,4.20696393563,0.636514168295,0.647239301205,0.014224175878000001,0.41501529458400005,44.0,3.0,2.5623046987,0.5992840987070001,0.0,0.0435303960958,0.0680770865837,0.000743658124643,9.38850310343e-06,5.857933154483459,63.109210526315785,157.68421052631578,20046,2971,23.017,562.697,4.046584605865063,4.998932223863597,70.014952059,1.6092243344006552,0.3287440657047669,-1.1124757467412472
169.0,784.0,975446.105691,7294.26000945,4.4348043119,2.6063493578,0.153111773985,0.512479398328,1.1074248950799999,12237.0,95.0,5.532939520169999,0.7672768881190001,0.09473684210529999,0.032267502633,0.270990377814,0.0793179112653,0.00010557210284899999,6.664409020350408,70.744053350787,216.14045704995038,43814,18601,62.415,1150.2,5.377892201277319,8.438857742841517,92.90356869269999,2.1328469609228944,0.6718256454329761,-0.3977564283244992
171.0,1162.0,67119.2325,457.83149745,4.47127112389,1.82387331599,0.123991756228,0.17066627668499998,1.47058661766,1260.0,17.0,4.71348933608,0.6946493482330001,0.235294117647,0.0437000031477,0.18583405869000003,0.0146269088216,0.00014843207993799998,7.057897937411856,98.38434250822874,253.41597028783661,49004,22120,71.124,2297.8,4.039800225409383,21.926644402166783,52.994885067099986,3.0877025366848723,1.3420917869704907,0.2942294318667172
172.0,392.0,1210330.9375,17153.8053289,4.47298351891,2.14090495592,0.179221030324,0.8050208940189999,5.55134730769,84782.0,97.0,4.6883411686,0.532352455097,0.237113402062,0.0647169099412,0.312556651573,0.146204730224,0.00107911617347,5.971261839790462,65.26265004087875,160.05426230125366,54731,7818,62.549,15654.4,5.104771165278114,57.250080604341846,6.8471519317,4.04742905036946,9.135039009492292,2.2121174601538893
173.0,546.0,670746.641726,10422.4863475,4.5420170812,2.07230985277,0.199748713902,0.7126847096369999,5.58968944964,41011.0,62.0,4.69564285589,0.6263431985600001,0.0645161290323,0.04548751594190001,0.296097222825,0.11910800552999999,0.0010833246219100002,6.302618975744905,69.70235305830104,172.22607035724025,34858,7739,42.597,14626.2,4.529557357848445,109.38784757004728,4.99141369109,4.6948998012770575,8.534055206852205,2.1440646537924826
174.0,432.0,338548.12275,5156.85014175,4.43027389724,2.0075563074400002,0.181506900473,0.845868356589,3.06651186698,32604.0,14.0,4.69390306015,0.573147088031,0.14285714285700002,0.0464095976646,0.302258137699,0.150893171519,6.27561345806e-05,6.068425588244111,73.41539430312473,187.5403577054953,16244,2776,19.02,5895.63,0.0,78.11434146296457,5.53035450225,4.3581736694751925,3.439200867188857,1.235239138348326
175.0,728.0,216944.045,3042.85568607,4.67810701025,1.7328679513999998,0.17672267794799998,0.20820930719300001,2.5289268748900002,16736.0,8.0,1.82125845996,0.203260878118,0.0,0.069350951279,0.233923799148,0.0312586876679,0.000295511735673,6.590301048196686,73.42337897238923,111.11268027048052,44385,12720,57.105,4581.34,2.1825153035292035,34.09473530935406,21.3522701788,3.529142982615133,2.6744228843965154,0.9837336129210174
177.0,941.4,1426099.1274,13868.340536599999,4.434646089669999,2.36318482213,0.147943621798,0.668708657425,1.19628064316,48063.0,169.0,5.2084320084,0.588893878196,0.0887573964497,0.0315413500336,0.290655312799,0.126386287521,0.0016175788278800002,6.847368128967042,68.63358551519515,173.10467431497108,374742,258365,633.107,9841.51,6.041059866080308,8.545193788439466,110.167191442,2.1453689948872823,5.7467835179706235,1.7486403101142982
179.0,70.3,122998.635,217.79105068599998,4.567676699230001,1.0027182645200001,0.5365961785109999,0.131611587369,0.305403229839,1751.0,9.0,3.91341561899,0.513769033105,0.111111111111,0.0150529273198,0.16357091003799998,0.0161425166606,1.57469916326e-07,4.252771798816619,68.34681690384646,180.61679389312977,44814,19514,64.328,1696.26,0.0,1.082074720231874,64.96778705350002,0.07888023555552443,0.9901522418645234,-0.009896568015246679
180.0,1008.0,13501.202,147.748993646,4.37802053212,1.5571130980599999,0.159498522053,0.104417993135,2.2988520068400002,661.0,10.0,4.73740810658,0.746187823102,0.1,0.0126841285095,0.12663353868899999,0.00941049725288,0.000267264444327,6.915723448631314,78.9118803142526,249.0607553366174,26153,18346,44.499,2226.3,0.0,29.427954146927746,34.253145664399995,3.381945043924443,1.299121559111248,0.26168831230271433
181.0,729.9,1135215.8254799999,18591.4091559,4.2463511903099995,1.99540055837,0.18269542777800002,0.470449454503,3.01435979283,33760.0,31.0,3.5258132909599995,0.296450769997,0.09677419354839999,0.031029142502700002,0.291479648334,0.0708187903814,6.19997129509e-05,6.592907538457586,44.47097817473654,98.1947920390895,53000,11209,64.209,7912.11,3.985878765110163,52.43330476974065,13.9205415948,3.959541976635783,4.612536054199586,1.5287778259647324
182.0,1163.1,150610.53816700002,1524.69821548,4.44633955387,1.8671854561400003,0.125717784349,0.192725872419,0.501895841847,5189.0,39.0,4.266895283219999,0.455699192915,0.102564102564,0.019734533522,0.19262983386100002,0.0250188392447,8.717458470020001e-07,7.058844133344993,59.70399464155064,139.10397712503251,110808,64876,175.684,3183.62,6.214625091158206,12.297295856566532,94.5817693228,2.509379389148393,1.85748269733044,0.6192221825356733
183.0,4.2,0.0,,4.8,0.0,1.1522257142899999,0.0148106605861,0.0,153.0,1.0,2.3344344292400003,0.493111969084,0.0,0.04202146099830001,0.0806141632353,0.0012353214043399998,0.0,1.4350845252893227,66.04486511752135,157.34375,6587,480,7.067,18.7026,0.0,0.006500212601025041,646.1327125420001,-5.035920394765429,0.010937381536058088,-4.515568858346034
185.0,616.0,40787.5253333,689.7750983939999,4.3492765533,2.17490364012,0.128094713576,0.235679531613,1.5252029162099998,2590.0,23.0,4.87363580119,0.7833738024,0.130434782609,0.0260087801093,0.196160469793,0.0236190694042,0.00011413970029600001,6.423246963533519,55.554946971312475,182.8696996466431,50639,14655,65.294,1136.86,5.3134737353870625,6.254756520237746,98.48504861970001,1.8333422175397893,0.6629838834941613,-0.41100459754699187
186.0,798.0,74757.94375,1362.99195805,4.0585185753,1.2798542258299999,0.16974144981199998,0.108842839733,0.3792208388,6738.0,10.0,1.33381919827,0.0735198397781,0.2,0.025668771531099997,0.15180896128,0.015056676949,3.04007461157e-06,6.682108597449809,42.16305037989555,91.95224312590449,44461,21717,66.178,1087.42,5.735320766391903,7.6450274478507945,104.381574225,2.0340554296755347,0.6340007850173808,-0.45570508634791623
187.0,210.0,116087.46658299999,1135.25596828,4.21702100133,2.18100587181,0.143093519235,0.34936799065800006,2.02276911616,7289.0,50.0,4.570595734269999,0.719842555269,0.06,0.0453774365283,0.257784343581,0.0440609645527,0.00025538782348700004,5.3471075307174685,59.27636523352297,177.7975729862821,10850,4878,15.728,411.825,4.338666548805551,3.204664665121352,65.52947716670002,1.1646074562313877,0.2400141231096601,-1.4270575110812702
188.0,448.0,848.7825,14.3861440678,4.6412556053800005,0.0,1.11879995251,0.0198686314717,0.144576483409,59.0,1.0,2.58725582406,0.776798718045,0.0,0.0780914702965,0.101170882765,0.000908244531413,1.54552702876e-07,6.104793232414985,61.34999327414581,169.15254237288138,11413,2428,13.841,88.2706,2.6669244878566216,1.6682977175460902,268.53720129699997,0.5118037757469781,0.0515422069387398,-2.9653542547534424
189.0,532.0,22177.172381,273.150930759,4.28003801172,2.01984218488,0.120250892462,0.15911047762299999,0.49876300611,1472.0,23.0,4.320343374119999,0.7089175462530001,0.130434782609,0.0375794549867,0.17682519552,0.0131397454207,4.0637913410699994e-06,6.2766434893416445,58.39811410640215,181.0750915750916,54406,10650,65.056,679.302,0.0,3.2401431176594198,164.190278232,1.1756175009457837,0.39622321553092327,-0.9257775509499248
190.0,563.5,31323.3485,409.720293294,4.29239167317,1.8977485294099998,0.174565515331,0.180148460979,0.493128848586,2275.0,22.0,4.0438639205,0.568598304757,0.0909090909091,0.0190072645341,0.18881331472399998,0.0192482403507,3.9947896097e-06,6.334167333479831,67.38170521846833,191.45206349206347,55737,26570,82.307,1163.73,5.672891206824159,4.644264489015163,121.33245239,1.5356330150595356,0.6783593208471537,-0.38807815967620773
191.0,216.1,146703.51916700002,2817.18204292,4.36351165981,1.6957425341699999,0.193595284034,0.108595914975,0.9031521269059999,5015.0,10.0,2.0385447604799998,0.234807543856,0.2,0.0290856471844,0.166286908466,0.014857425453099999,1.77885772425e-06,5.3757412635128405,56.037175444512364,104.21106094808128,73905,40447,114.352,1798.64,0.0,1.9803823308345707,109.120343398,0.6832899224468336,1.0479439162220954,0.04683006941161626
192.0,1216.8,72128.3908333,898.8150318989999,4.38304154602,1.5595811562600002,0.268416455013,0.120305353603,1.3756542821700002,1016.0,8.0,4.85731550063,0.734436657726,0.0,0.0419897288353,0.18968860925500003,0.010341441312600001,2.76303321078e-06,7.103979740945083,68.34986775588243,208.58555555555557,21507,9554,31.061,5726.47,4.940465404079467,130.63367072783518,9.31459701944,4.8723969992937874,3.3346584865855426,1.2043702713011342
194.0,31.9,1070.66,,4.51135458167,0.6931471805600001,0.495434686275,0.028242348505700003,1.62772961812,97.0,2.0,2.94808740287,0.664558716616,0.5,0.30106592733800003,0.147941834222,0.0012568605382,3.53521192202e-05,3.462606009790799,66.60832637148427,186.77192982456143,29686,3153,32.839,516.987,3.793507325804954,0.292405752793732,109.09498084500001,-1.2296128769028838,0.30101293153584213,-1.200602053243001
196.0,2860.5,1326897.8705,17503.5940183,4.550976200909999,2.3805103270599997,0.162027456599,0.739283271797,1.80884257977,60626.0,153.0,5.18647567298,0.7232269678200001,0.13725490196100001,0.0384186465838,0.310569731644,0.130783831917,3.74346088176e-06,7.958751713708583,68.45323236579877,182.7477230981173,187228,55089,242.317,13614.0,4.815937769331064,93.51825873708346,30.587609720600003,4.538156697840383,7.922063940707517,2.0696517704506054
198.0,406.0,1284.38,2.47887323944,3.6,1.33217904021,0.164355960233,0.0205309530333,0.744990671464,116.0,5.0,3.1258096692299997,0.609816795249,0.0,0.0466830225732,0.077931668117,0.00143431150895,1.53097737498e-05,6.0063531596017325,70.46556270920196,177.44578313253012,37959,8109,46.068,825.365,4.378533071092351,4.234701174611398,95.8745335879,1.4433127647198873,0.4805029894384183,-0.7329218290751844
199.0,51.2,1078.97833333,,4.81467817275,0.0,0.917877095758,0.06773772382740001,0.560621475224,212.0,1.0,3.07454309833,0.662429080176,1.0,1.5326869194,0.13211522956,0.00305058584936,1.00267027457e-05,3.9357395320454622,53.198750862663935,155.43478260869566,16439,1727,18.166,413.769,0.0,0.6789254228742293,75.41329028929998,-0.38724399121963216,0.24088592249869628,-1.4234318081850723
200.0,406.0,16889.2656667,370.91225403199996,4.55862722244,1.7326587202000001,0.156470625299,0.153264283875,0.513502821649,1615.0,13.0,4.71653414059,0.8415476147050001,0.153846153846,0.0248210833032,0.151360541535,0.0137114295275,1.91932815472e-05,6.0063531596017325,48.12747464392189,166.07028531663187,35789,9230,45.019,1220.57,4.450774568517823,6.404904107380795,63.388927171,1.8570639637113764,0.7102029015028966,-0.3422045730085345
201.0,239.4,66640.41833330001,584.211064179,4.35012928274,2.02804676778,0.13476606348300002,0.17444766215799998,0.9048317515200001,2016.0,19.0,4.45714357466,0.6156098068,0.263157894737,0.0538889193031,0.18528515831700001,0.0175122660848,2.0093893325599998e-06,5.478135793123873,85.75231733434238,241.0491183879093,24180,9922,34.102,483.274,4.7693752624251395,1.976281559649289,121.136585438,0.6812170788760401,0.2815169329455307,-1.267562680651873
202.0,72.4,0.0,,4.4,0.0,1.15222757567,0.000207441311809,0.104784814232,13.0,1.0,1.28529302412,0.337078971898,0.0,0.0414316019754,0.0685143235922,3.71069559457e-05,1.42665004369e-07,4.282206299391671,71.5,110.2,17900,2617,20.517,65.8576,0.0,0.135476881380856,534.408522414,-1.998954270334591,0.038391977559268264,-3.259906758942193
209.0,350.0,233.5925,11.679625,3.24074074074,0.0,0.930330568195,0.00202045558858,0.134605534233,10.0,1.0,1.22752941146,0.498069503701,1.0,1.58715142658,0.057520022384900005,0.00011425745427299998,5.27013360534e-07,5.857933154483459,45.99166666666667,209.75,33557,4183,37.74,451.326,0.0,2.4340503099540056,143.79324805599998,0.8895566640123642,0.26246016770761194,-1.337655950530691
212.0,190.4,20476.7183333,201.636259262,4.6418369439,1.1537419427,0.294970344419,0.08984916484380001,0.899899728158,1000.0,7.0,3.64776608051,0.553821987202,0.14285714285700002,0.013500620848499999,0.157460662788,0.00717974980686,1.8061402095099998e-06,5.249127122357265,98.63051662771973,197.70150753768846,67811,25348,93.159,495.426,0.0,0.5885370997716831,323.51401479000003,-0.5301153130255195,0.2879597041892344,-1.244934724644952
213.0,61.8,6157.0,,4.1,0.500402423538,0.761637916418,0.0493937526929,0.309745821916,401.0,5.0,2.90081651333,0.50197645101,0.0,0.041678356243500005,0.110684344378,0.00417089339135,2.1923689973400002e-07,4.123903364463645,76.12464327929753,194.4255319148936,33139,7926,41.065,272.013,2.040639985856666,0.237899970576624,259.773046,-1.4359049853528292,0.15808029598267095,-1.8446521726243186
215.0,49.4,7099.16333333,94.16378550790002,4.7904263475099995,0.636514168295,0.581112995308,0.0489621951967,1.7337361917700003,328.0,3.0,3.92838994795,0.774510289437,0.0,0.0374683167789,0.116250316186,0.00393082677229,3.6416708426099998e-06,3.899950424193877,81.29936809464245,236.5731707317073,20911,4057,24.968,365.701,0.0,0.420369596774315,117.51563476300002,-0.8666209623511653,0.21246534599718822,-1.5489763815765638
218.0,76.5,340.0,,3.5,0.0,0.80542735435,0.00318973575748,0.7685143911069999,16.0,1.0,1.7328679513999998,0.50917148725,0.0,0.0493049364579,0.07163982737930001,0.00018941285295400001,4.4051560982299996e-07,4.33729074083249,69.71875,169.125,24541,7739,32.28,768.249,0.0,1.056176473875495,72.4310774688,0.05465528673424535,0.4456650532902089,-0.8081876106964968
221.0,81.5,71.8475,1.7341111111099998,4.01666666667,0.6931471805600001,0.401376082461,0.00730211303199,0.156643163114,36.0,2.0,2.27891580817,0.48681233247,0.0,0.0317482278782,0.0686914283309,0.000409921304288,4.12407224886e-08,4.400603020246817,51.297156084656095,124.52777777777777,21914,3916,25.83,227.449,0.0,0.416448247804495,195.70258832799996,-0.8759930800667286,0.13198599068454117,-2.0250594932057964
223.0,48.0,5742.618,10.5892615385,4.20779569893,1.0397207708399998,0.232492146624,0.0161038439611,1.5627899835299999,83.0,4.0,3.4752121385500003,0.7634470067219999,0.0,0.0358757378895,0.08771529296830001,0.000730894174891,4.89835224016e-06,3.871201010907891,58.43819124423965,190.66129032258064,7571,1880,9.451,3227.78,6.164968729972817,9.490878361940409,5.05748763913,2.250331164918341,1.8687144041395587,0.6252507100233693
225.0,141.939,2304429.8363099997,30101.505751999997,4.38897678253,2.06520235178,0.17597323598099998,0.733506297851,1.3256042335,71278.0,105.0,4.55946290181,0.585859464631,0.133333333333,0.045939058300199995,0.326732008232,0.13348353175799998,4.54018861471e-06,4.95539738784164,66.29485566569353,159.0569892811115,52840,9064,61.904,1893.01,3.0233365008508097,2.5140067131311428,56.4592764445,0.9218777804632744,1.096436297068954,0.0920651905797915
226.0,67.46927,68.5141666667,0.48853070175499996,3.7826789838300003,0.6931471805600001,0.569896444017,0.00318771255381,0.13347468854800001,44.0,2.0,2.24010672381,0.38079200460600005,0.0,0.0350629439846,0.114754092993,0.00034213170397,2.8102173305400003e-11,4.211672234957265,52.28066378066379,124.0,8094,1435,9.529,94.8338,0.0,0.38940371321325334,173.26303707600002,-0.9431386503595247,0.054997304449997626,-2.900471104950739
231.0,22.9,7821.8,95.6169198999,4.29568498169,1.33217904021,0.291753830461,0.0279152929119,0.5542753848699999,125.0,5.0,3.2720367294200003,0.625935655176,0.0,0.0413569130434,0.144097030644,0.00167146465399,2.48696716352e-07,3.131136910560194,71.78682930402931,198.50400000000002,14016,1258,15.274,101.18,0.0,0.08774111860712049,260.995076921,-2.4333646342129556,0.05852217666398071,-2.838349508306957
232.0,77.3,88.42857142860001,1.40362811791,4.62103658537,0.0,1.050418307,0.0036532786196199997,0.0,29.0,1.0,1.7064466283000002,0.56526777213,0.0,0.044222309097800006,0.0678692317459,0.000413991019459,0.0,4.3476939555933765,67.35442383850092,201.96551724137933,15206,476,15.682,88.3842,0.0,0.2522045700395003,306.49722163200005,-1.3775147349196182,0.05116522726208853,-2.9726951327042643
233.0,137.03799999999998,12344.475,183.38421428599997,4.94187676958,0.6931471805600001,0.372652167983,0.033058300847999995,1.64594079256,445.0,2.0,3.5874359930699997,0.6129635307329999,0.0,0.0397879109989,0.0842966909274,0.0033062755786599997,5.25225545774e-06,4.920258259630324,62.777619140644894,179.98876404494382,33145,4992,38.137,311.079,1.110715785286513,0.6464121219007325,211.997880852,-0.43631801901059597,0.17989330764407124,-1.7153913391396634
234.0,4.92486,1582.29583333,43.9427045583,4.95852980781,0.6730116670090001,0.60522726054,0.06348269191940001,0.0,538.0,5.0,3.6437255727599998,0.601785838405,0.0,0.0436909365373,0.150121432796,0.00577681476822,0.0,1.5942958478240754,48.11569166709879,139.59287054409006,10646,656,11.302,87.3814,0.0,0.022039685659671696,223.454185148,-3.81491055706448,0.05057860067608207,-2.984226703680904
235.0,83.26289,250880.657738,4942.77618959,4.27072902138,2.1036620988799997,0.124795523467,0.248220299802,0.0,14588.0,42.0,3.0461276385000002,0.256283787253,0.166666666667,0.0242636887631,0.227105186332,0.0363024928521,0.0,4.422002951709712,50.34449986125172,90.92697551573988,125659,14176,139.835,1998.18,3.7949879560672692,0.6874680444629614,121.11528771500002,-0.37473993130282274,1.1545611015601094,0.1437202731067185
236.0,197.56599999999997,677.4421666659999,6.89732100511,4.62757439397,1.05492016799,0.241512573061,0.0196587878767,0.106776409953,141.0,5.0,3.33800825,0.6805807660009999,0.0,0.041735509676,0.0926702224058,0.00161142955902,3.5169471332699997e-07,5.2860727057315975,72.92827665950102,197.8759689922481,19811,2370,22.181,200.946,3.704890499657466,1.033712331296366,191.12280469,0.033156527800790876,0.116056270919514,-2.153680111362154
240.0,100.9,11490.16,67.2567176412,4.26291444442,1.08889997535,0.441145780536,0.04660740064069999,0.38346611832599997,489.0,10.0,3.5332369157699994,0.468568790752,0.0,0.044438760557399995,0.11871340213300001,0.00438275938513,2.10606510458e-07,4.6141299273595635,71.39243799614083,176.41823899371067,12475,2884,15.359,150.456,0.0,0.5709959355319838,176.708788489,-0.5603731875091076,0.08691701262473478,-2.4428014934351796
241.0,509.2,520220.09416700003,10179.182751999999,4.56672079488,1.8636799873400003,0.182057583375,0.115593244865,1.13966286945,26077.0,12.0,0.98357428584,0.0565519018207,0.08333333333330001,0.016948800519799998,0.17476980089299998,0.0151110815272,5.790909519869999e-07,6.232840866683252,50.298147968804244,61.90430107526882,25933,12860,38.793,251.775,3.969702327020397,1.909987297630565,266.598631641,0.6470965915812226,0.14551087438527593,-1.9275044571202047
264.0,37.9,60.7066666667,0.933948717949,4.409302325580001,0.0,1.06141957596,0.00042793596371499995,0.117161994788,12.0,1.0,1.5890269151700003,0.37564293159999995,0.0,0.041801116639800004,0.055440201383100005,6.08798086446e-05,5.27846932668e-07,3.634951112088381,68.44444444444444,118.16666666666669,26835,1566,28.401,220.566,0.0,0.17138299365771814,221.142128464,-1.7638544979411181,0.12842871775390113,-2.052381254214635
272.0,571.2,254393.7505,3306.95833998,4.55483736626,2.08340990234,0.155173649596,0.476765164085,1.66595838618,11982.0,69.0,5.43829194501,0.648767704998,0.188405797101,0.037931747183800005,0.276988567876,0.07879865052089999,0.0004478329555259999,6.347739411025374,62.59178768704044,172.28621382988027,102402,32384,134.786,10926.9,5.328081147377958,27.311574525554807,20.914209814800003,3.3073105876338325,6.444709180674772,1.863259512126328
273.0,68.0,256.0,,3.4,0.0,1.00772708314,0.0101986487625,0.21383144837200002,25.0,1.0,2.67402098313,0.959587303776,0.0,0.059234099229600004,0.102626098628,0.000437837710084,8.13659043535e-07,4.219507705176107,63.92202380952379,215.05555555555557,31524,15450,46.974,1005.93,0.0,0.8611189862348964,78.967019758,-0.14952258870774088,0.5948559302852651,-0.5194360367300154
274.0,267.2,269755.540024,5586.84800206,4.50424277183,1.93380241305,0.172325703758,0.38998681035300004,1.60015700621,14717.0,31.0,4.5145471295199995,0.50903519535,0.09677419354839999,0.0297558061162,0.262529890441,0.0630782592476,0.000395759523005,5.58799744166249,54.213986454663925,134.65447415329768,57478,14249,71.727,3268.82,4.3961238425670155,7.188636706082214,37.1697737589,1.9725015440304494,1.9297131175791877,0.6573713481268648
275.0,141.6,88.0,,3.6,0.0,1.13333431411,0.015867405613799998,0.141125297489,75.0,1.0,2.82417103642,0.6959362283120001,0.0,0.05428016099780001,0.092551652026,0.00104709817453,8.482551895780001e-08,4.953006181259619,77.78620129870131,237.63636363636363,27184,4739,31.923,462.281,0.0,1.2115615181687194,116.87396626300003,0.1919100384984398,0.273140383788842,-1.2977693896334754
277.0,213.6,20272.0,13.85,3.9,0.636514168295,0.673073360811,0.049068994824099994,0.0,342.0,3.0,3.24114780292,0.594434126063,0.0,0.0708137985234,0.144293793715,0.00409643583693,0.0,5.36410510708604,74.81100031232386,231.6410256410256,43244,5159,48.403,486.673,2.8960464962100283,1.2649709773843862,168.85762900400002,0.23504917913715268,0.2866497669397774,-1.2494941326761226
278.0,385.87323,2082.0,24.2093023256,4.3,0.0,0.794084516117,0.00826566478021,0.13347468854800001,56.0,1.0,2.46457727239,0.551562714212,0.0,0.043196973339599994,0.09276010898039999,0.000761844686743,2.8102173305400003e-11,5.955508895834155,79.60765434961863,209.76785714285717,33487,9726,43.213,468.01,1.2822921040418995,2.4190671713469363,159.513234924,0.8833819994717673,0.27090542061032624,-1.305985520455522
279.0,882.0,166562.5505,2411.60263175,4.36421225273,2.2365994362,0.129119262159,0.130127778927,1.89819925468,28054.0,22.0,1.37476729143,0.106519820176,0.0454545454545,0.029327908890900003,0.207779947318,0.020739196481099998,0.00014664385388999998,6.782192056006791,36.4066832329849,54.15134606326316,33342,19199,52.541,2327.34,9.20070274690062,22.848846519281004,38.601510989,3.1289006355093973,1.3611125226412053,0.30830239669649706
281.0,17.3,741.366666667,9.75482456141,4.93225806452,0.0,0.993320676534,0.0041832915830800005,0.7078937538760001,21.0,1.0,1.7884820567299997,0.6922373273289999,0.0,0.0427259613324,0.061509102504400004,0.000347291726458,1.06473446986e-05,2.8507065015037334,68.83826530612244,205.66666666666663,20449,1181,21.63,312.583,0.0,0.1456296717482311,118.79447225500003,-1.9266883745021974,0.1820791791857941,-1.7033136360409635
286.0,747.2,607859.033083,8902.74026136,4.687246150930001,2.1451845611800002,0.201096846754,0.8258998125749999,12.876709278599998,27660.0,41.0,5.325028072159999,0.6385566871980001,0.19512195122,0.047589318549,0.293952968553,0.14417071421,0.155080009232,6.616332886914633,71.28219487774969,199.35947609897653,48817,15307,64.124,49198.6,6.520739873151974,336.7920309845159,2.21857980967,5.819465621115906,28.903174778976304,3.3639514430287005
