districtID	economy	totalSales	totalPopularity	averageRating	categoryEntropy	averageCategoryDivergence	degreeCus	degreeDist	numberofCustomers	numberofShops	incomeEntropy	avgCusEntropy	fracofDessert	dessertCS	pairwise	cusEigen	dEigen
6.0	280.5	58432.6440833	1212.88847586	4.44397045519	1.90728399932	0.121354362277	0.113673733602	1.32220017106	2067.0	12.0	4.0096458001	0.60268655722	0.0833333333333	0.0157238811908	0.137454828217	0.0104966362931	4.61645638939e-06
7.0	92.3	24420.655		4.14236842105	1.21488965395	0.279787242069	0.20493336265	0.213230116254	2566.0	9.0	3.48999099521	0.528750142449	0.444444444444	0.225700133349	0.173164754359	0.0296507854389	9.10871691555e-06
9.0		4378.03	75.8620488467	3.94978723404	0.69314718056	0.397700122649	0.0376773748718	1.38192645183	128.0	2.0	3.29559994604	0.627797959681	0.0	0.0462815723046	0.128027823715	0.00164375682638	4.53725050257e-06
10.0	100.6	6567.06	94.5353125	4.05	1.03972077084	0.290207134186	0.036682215498	1.60637224885	323.0	4.0	2.6895655817	0.372279339823	0.0	0.0421918903901	0.119363184386	0.00202370801395	6.99892507126e-06
12.0		4029.63875	42.5168055555	4.89142773057	1.09861228867	0.299016884161	0.0901656980778	0.756571431302	416.0	3.0	4.12764700398	0.706188953254	0.333333333333	0.094327493077	0.128566420851	0.00487236823399	6.81555219164e-07
14.0	226.2	2750.34	25.9336881188	3.86878531073	0.69314718056	0.41354301178	0.0088558754345	0.683774820833	88.0	2.0	2.47804331657	0.539426221332	0.0	0.0565994033952	0.0667005023078	0.00084897890296	0.000898427024829
15.0	535.7	262554.595833	3574.91791707	4.56926094181	2.13354698995	0.142995979544	0.251443652001	0.770662567831	6144.0	53.0	5.5109058094	0.795146587621	0.11320754717	0.018649510178	0.20203624307	0.0388561359152	2.48319822506e-05
16.0	187.8	16685.715	30.8123263368	4.78701807113	1.33217904021	0.314678719136	0.183102952935	1.41629636882	2114.0	5.0	3.61178299847	0.565587884285	0.4	0.175082245113	0.200414949971	0.0151341190309	5.03559842108e-06
18.0	648.7	21768.3875	311.199661964	4.36221269307	1.74786809747	0.147350045303	0.054865985771	1.9151033799	498.0	7.0	4.09597531815	0.595481701788	0.0	0.0505450369118	0.145539364387	0.00415446536768	9.49604837826e-06
19.0	39.7	415.9175		4.13916196616	0.0	0.814442811447	0.0648217127967	0.225424066077	387.0	2.0	4.15274909193	0.687149144889	0.0	0.0439265913106	0.121547911354	0.00743167035901	9.8032259625e-08
20.0	920.1	2955445.98858	172707.077977	4.45324483959	2.12976802369	0.144695532739	0.417463066703	2.08836982754	57965.0	119.0	3.76071848612	0.35578327845	0.176470588235	0.0362600685945	0.263919699282	0.0702176948473	1.00622024298e-05
21.0	505.2	1431065.7822	22602.4429831	4.59883084893	1.84095667942	0.143617284162	0.355434588122	0.787968021018	9874.0	36.0	5.10225864394	0.643315035142	0.0833333333333	0.0222562016803	0.220384878593	0.0434190126531	1.35691980919e-06
22.0		8598.62666667	121.10741784	4.71096160158	0.0	1.0409341126	0.133543675144	0.613146012658	788.0	1.0	3.89105072528	0.66803866707	0.0	0.0641397402918	0.145630314188	0.0095726491302	5.52259673605e-07
23.0	479.2	467903.15025	7297.33905609	4.40898718379	2.07530680406	0.150171860718	0.359726858633	0.635528546535	16358.0	48.0	4.37535373744	0.480827793481	0.104166666667	0.0365545441279	0.232831141562	0.0584055518456	0.000155749433887
25.0		7388.7025	194.932181705	4.34300868486	1.41848366195	0.156489132284	0.0326668734008	1.22200771471	555.0	10.0	3.77554455922	0.377746771171	0.0	0.0461384791197	0.1256202616	0.00390614457432	0.000353984729628
26.0	358.2	1730723.89217	32092.7428213	4.55053094017	2.2652515489	0.165954817672	0.873830016774	1.80096655833	56350.0	128.0	5.05090059818	0.60984104301	0.1875	0.0397490037918	0.303611440634	0.157156754188	0.000729003132856
27.0	187.937062937	6750.4025	138.639045662	4.00720957941	1.27703425947	0.215327502361	0.042564382623	3.41856057327	413.0	7.0	3.50020316248	0.486943740147	0.285714285714	0.0628152870257	0.096423194308	0.00513909947781	0.0251560096378
30.0	1002.9	1179022.17442	16479.5720494	4.45358554631	2.33014082927	0.150523877798	0.532130146848	1.43036105365	33054.0	95.0	4.26259132468	0.473644095457	0.115789473684	0.0220981452559	0.249041827425	0.0949770420363	7.97251242762e-06
31.0	476.3	1108046.32425	9632.64600931	4.50566293036	2.47979317416	0.155235744989	0.750598780685	1.81558437677	39670.0	136.0	5.24627843675	0.570408920341	0.139705882353	0.0311464649581	0.287742956222	0.135661694408	0.00254867702298
32.0	225.524475524	111136.335417	753.145293815	4.52184082658	2.34718082932	0.110307562164	0.24841963425	3.85631779575	6449.0	22.0	3.7651517545	0.40717414176	0.181818181818	0.0228947221619	0.182752242705	0.0396989242968	0.0335243090843
33.0	588.2	249011.15169	3930.01176731	4.5115023496	2.22476371196	0.134070570174	0.542440563301	4.65505879231	14315.0	78.0	5.13578073724	0.631053887772	0.153846153846	0.0384844692259	0.247523857145	0.0873056377864	0.0307493279716
34.0	150.34965035	2336.35	39.9594142857	4.6598019802	1.05492016799	0.31024560672	0.0410341707184	1.2977924298	288.0	5.0	3.22751475829	0.577816443471	0.0	0.041560552763	0.0809682549201	0.00259111128775	6.34645794877e-05
36.0	1811.98762277	4905.77583333	132.010490293	3.8590964591	1.54982604588	0.127846307126	0.0309925586358	5.15320588699	274.0	7.0	3.60534056218	0.509344205387	0.142857142857	0.0112080616447	0.115993410815	0.00329887902069	0.035081095559
37.0	1127.62237762	980932.562667	15924.47441	4.4835732666	2.21592683304	0.157241038061	0.710486886262	8.05013210358	21383.0	37.0	5.25351210649	0.61231168631	0.189189189189	0.0390478713118	0.295331903758	0.121358361878	0.0898263909771
38.0	1616.25874126	690760.177	9090.26183451	4.46428237119	2.17676485349	0.166966629503	0.639508694671	10.494357825	27242.0	64.0	4.87032973841	0.564096709473	0.109375	0.037176922783	0.29478499964	0.108645734317	0.115764819014
39.0	810.4	153335.7015	2226.82270394	4.32715320988	2.06847853164	0.104933673696	0.159135391206	1.88011462916	7668.0	20.0	3.29577642206	0.349406298249	0.1	0.0146557696044	0.166313366899	0.0244878870914	0.0024384915133
40.0	638.986013986	375785.1885	5142.89835911	4.63025266955	1.81464416682	0.148656068372	0.318513140718	11.1341152527	9493.0	21.0	3.55374173753	0.386634589921	0.0952380952381	0.0311615163026	0.221731594538	0.0516934818277	0.124763749374
41.0	4221.39973612	235949.526667	2739.72997909	4.47978369566	1.8996402464	0.14795672302	0.259793655895	4.69566129127	6744.0	24.0	4.4199155399	0.451931002749	0.25	0.0491684902112	0.185473122708	0.0412718203634	0.0334394799673
42.0	2067.30769231	532693.3885	9430.48304509	4.45098213386	2.20463046174	0.147626572546	0.567780817772	8.04970880333	21725.0	71.0	4.6758901101	0.47103764482	0.183098591549	0.0371908284999	0.275203403271	0.0954445165987	0.0849330093842
43.0	977.272727273	931126.54375	10639.8135862	4.57014854592	2.24303354488	0.168301496479	0.732612758878	11.1301682495	19669.0	43.0	4.86541890193	0.598824143494	0.0697674418605	0.0426599706624	0.296160245385	0.126370498382	0.123077213953
45.0	751.748251748	23234.2341667	318.83836541	4.47164657415	1.54982604588	0.135961929905	0.131898119761	10.7766313802	1553.0	7.0	4.3843109627	0.563931605938	0.142857142857	0.0149577609461	0.134237010657	0.0169832378039	0.12190329556
47.0	338.286713287	4360.195	49.1565443345	4.775	1.56071040904	0.204028055096	0.023891700693	1.84366421109	235.0	6.0	3.2432139452	0.483201110942	0.333333333333	0.0944064942004	0.105286783616	0.00195102659074	0.00313595860834
48.0	390.85447303	32302.785	495.436299654	4.72129091613	1.60943791243	0.193955693382	0.273636510387	8.19787766661	4092.0	10.0	4.61015420057	0.578739621167	0.1	0.0290170701063	0.205709387468	0.040273367344	0.0853742997071
49.0	513.8	26347.7855	634.252078774	4.30663584465	1.8415535338	0.167659548721	0.160494706891	0.270530844501	1789.0	31.0	4.30388169358	0.701667673537	0.322580645161	0.102427025128	0.183905995983	0.0196151701347	1.74471480716e-06
50.0	1157.0	193927.443583	2565.20941939	4.65720714212	2.01380589385	0.131137161032	0.295219539904	11.6037185213	8640.0	19.0	3.66996283832	0.373541951272	0.157894736842	0.019758403686	0.213626198109	0.0453037602713	0.132758957537
51.0	437.0	2408665.256	20455.6746237	4.27761611184	1.94479468772	0.167547378313	0.208480069134	11.6024672637	2633.0	23.0	4.31700937245	0.550926459963	0.347826086957	0.121478071826	0.183164154105	0.027427800762	0.13607261588
52.0	225.524475524	120134.389333	1305.63092132	4.57370837934	1.89892678934	0.183088825536	0.142895793455	1.12285032195	2217.0	15.0	4.21229586958	0.517311319691	0.133333333333	0.016375828358	0.209837070875	0.0159168995206	7.2233864903e-05
53.0	3553.0	37883.9608333	232.463617239	4.5959791497	1.7328679514	0.12651829391	0.172877215212	11.4955028057	2186.0	8.0	3.81294888448	0.485271151193	0.125	0.0189356025227	0.172996755514	0.0227256186676	0.133038607406
54.0	245.0	48583.5685	599.83828744	4.58123877648	1.89036277534	0.178960049157	0.184089555714	16.9491242261	1750.0	16.0	4.886157343	0.647463660213	0.0	0.0450471537574	0.174582263412	0.0238027529972	0.235525945693
55.0	925.3	386.373333333		4.21	0.0	0.902912865641	0.00954428172622	0.0	42.0	2.0	2.08554513412	0.517601677055	1.0	1.51049555114	0.123363384904	0.000492507621829	0.0
56.0	2507.98286861	4970.05083333	55.0189612107	4.875	1.38629436112	0.230916633318	0.0343551606988	4.81807708694	412.0	4.0	3.72307697571	0.551220063557	0.0	0.041093835975	0.111685282708	0.0041571733112	0.0329690741744
57.0	1217.3	265050.674917	3688.87179705	4.46401471075	2.18054445823	0.158167353535	0.329104731376	2.40724195489	12382.0	46.0	4.23852280799	0.475487703206	0.0434782608696	0.035806401213	0.241194621615	0.0522043015165	0.000215487977908
58.0	476.6	147900.389167	2935.28542	4.47969065472	2.19446901756	0.1219943857	0.37479807945	11.4163403978	10965.0	37.0	4.05255096951	0.354645579432	0.0540540540541	0.030010691316	0.214252893582	0.0587146009029	0.126420553317
59.0	288.4	99049.1270833	1354.22757197	4.40107338345	1.60943791243	0.202823895734	0.295030393041	12.2325200977	7263.0	5.0	3.58239259776	0.454258825709	0.2	0.0319562308209	0.208460913112	0.0467562488879	0.140432516125
60.0	539.1	120093.690476	780.868864427	4.42028042868	2.16395565688	0.125045173389	0.295919338636	12.1893910896	5215.0	20.0	4.5403629067	0.519958794142	0.1	0.0294579511473	0.205737640619	0.0444997931467	0.136569659057
61.0	617.995778628	6621.52666667	74.39917603	5.0	0.0	0.788291770036	0.0212014878525	2.9985133053	222.0	1.0	2.46106908865	0.459909498372	0.0	0.0438796272182	0.079830751542	0.00220444836794	0.00359769335907
62.0	1263.41994133	8862.545	99.5791573034	4.95556695741	0.0	0.821380144958	0.00294047505511	2.72514194477	12.0	1.0	0.56608573896	0.127058949419	0.0	0.0547768848025	0.0628554817461	8.81384779978e-05	0.00239987515641
63.0	2443.18181818	3318553.61739	42038.8887721	4.51637789205	2.38201259587	0.170140567308	0.822383046849	5.27821218255	103499.0	263.0	4.92856159265	0.529694586901	0.0912547528517	0.0314110226467	0.327432910693	0.155402190075	0.0496659253701
64.0	3511.0	487838.3975	5269.02357012	4.53927420155	2.21961419345	0.140899911453	0.612623571086	9.30206106609	22191.0	58.0	4.69238239155	0.56015318758	0.103448275862	0.0202874158719	0.229793643081	0.105243506289	0.0994178299195
65.0	1834.0	388100.327	5916.27220481	4.09696714838	2.09472904753	0.198308969483	0.27106895863	12.6850206844	6245.0	12.0	3.72010624576	0.456809840839	0.166666666667	0.0220208404385	0.240664861288	0.0424489915054	0.154367693021
66.0	13450.0	236429.7455	1482.92424892	4.34631997712	1.89451418483	0.209522688842	0.316453908584	12.512793679	6956.0	20.0	4.32090234467	0.474456622155	0.0	0.0487733279122	0.197310740609	0.0477420736739	0.144071942449
67.0	150.0	76154.4216667	954.107380451	4.73149206349	0.562335144619	0.460393162232	0.0190537011423	17.0861557888	130.0	4.0	3.35169061931	0.54277098093	0.0	0.0422880810922	0.0781386608563	0.00209265935458	0.237367210604
68.0	279.7	3721640.59358	41786.8641282	4.5492029328	1.88981801915	0.138582382276	0.334110007978	13.5845434713	33235.0	43.0	3.89198565447	0.28074837807	0.093023255814	0.0304007767839	0.227279660135	0.0587495150945	0.170828289953
69.0	305.5	15408.0601905	160.464759676	4.51583621053	2.13833305951	0.103199866154	0.107184982709	12.6241868678	1213.0	12.0	4.4220674543	0.573351546747	0.0833333333333	0.0220595894853	0.134484658063	0.0145817005376	0.150104697829
70.0	473.0	1515819.07721	19433.4838833	4.52207133182	2.13466401182	0.155885278914	0.498940994816	1.25554374491	52128.0	127.0	4.40207064628	0.447956892271	0.133858267717	0.036823525449	0.276087216645	0.0882188696063	5.65889095179e-05
71.0	1895.65088	96730.4159166	1393.36094488	4.74235845174	1.7912740753	0.142732878118	0.362668661717	4.43443942272	9904.0	19.0	3.83733649732	0.462594999903	0.105263157895	0.0204629444872	0.224907661072	0.0573331973852	0.00888109538421
72.0	186.73045	748593.673583	9155.11696453	4.26429500748	2.23639510553	0.196999799745	0.641545941842	5.43153229196	27928.0	47.0	4.64692425158	0.499732455505	0.255319148936	0.0615051097735	0.28970113761	0.114135785871	0.016478099158
74.0	98.3	3300007.81577	44811.5232968	4.63250845814	1.92167669299	0.218508577558	0.897100471478	3.2620311617	79987.0	105.0	4.83308261559	0.555833739335	0.171428571429	0.0432771336851	0.331739352463	0.169262080869	0.000332380475646
75.0	469053.0	163868.361667	1243.49918628	4.45946852075	2.32152693552	0.152920672308	0.245957383693	13.2759614087	2886.0	30.0	4.84760228979	0.615802361784	0.133333333333	0.0276035163613	0.226370083797	0.0355872034097	0.145180348478
76.0	13190.2	657369.291286	8277.0315016	4.56159069974	2.44434157337	0.15707753206	0.75072121535	13.3451514786	25187.0	71.0	5.10399039887	0.452068172558	0.112676056338	0.0386856904267	0.267640430629	0.135524744113	0.158704999274
78.0	211812.0	256349.428333	3384.40297679	4.56554460695	2.44412693997	0.183555252971	0.366568823222	12.0335172575	7010.0	28.0	5.04969091067	0.561952272143	0.0	0.0452205583678	0.250343621001	0.0579532857595	0.128433376636
79.0	77056.8	622305.0955	7412.30571198	4.68480661998	2.2834826842	0.200210375079	0.671740340891	7.80245903573	20656.0	45.0	5.2192189479	0.578485261849	0.222222222222	0.0503584054036	0.282074315858	0.116052465043	0.0619519568182
81.0	5025.2	1095469.53083	14204.6249099	4.46482233459	2.11660093449	0.155913156991	0.674258677757	7.17020756721	34043.0	38.0	4.4866613397	0.508973299454	0.157894736842	0.0320807426914	0.289096267804	0.121964442651	0.0384090011681
82.0		34426.509	287.29976696	4.5569370195	1.52295506753	0.187924895176	0.161219560237	6.63664400726	2190.0	9.0	4.37572731029	0.635556726255	0.0	0.0458936015381	0.176120376987	0.0229768831709	0.0342939477368
83.0	231.03354	898840.375583	9415.552134	4.10470469612	1.84704149407	0.23864475983	0.549490476607	5.6580700001	40578.0	33.0	3.32061578101	0.32388877716	0.363636363636	0.150326629157	0.282402770868	0.0947510544813	0.0143725585538
84.0	12784.0	4678390.89908	308863.126865	4.54728253777	2.23253857447	0.160189969552	0.552765136186	12.6139236706	85671.0	104.0	3.7470469621	0.298484676165	0.192307692308	0.0400460340871	0.283892269044	0.104922788682	0.145879029102
85.0	2342.55542717	371852.869167	5697.28292487	4.33936293501	1.88487133358	0.176778398088	0.242279225434	2.49228918213	5893.0	13.0	4.21045021557	0.509336247707	0.153846153846	0.0252552286698	0.190973726535	0.0373653960391	0.0020952535628
86.0	5146.5	383502.769492	4705.90998287	4.47990151417	2.08126438016	0.186505045365	0.47681026646	14.0130055807	21296.0	57.0	4.89353053743	0.384616646703	0.105263157895	0.0206693368806	0.236372865295	0.081201327587	0.16939615957
87.0	19223.7	181397.11425	1199.83109453	4.51863087479	2.29582788345	0.136973100764	0.387760961838	15.0410529316	9015.0	48.0	4.56503640618	0.517431524274	0.0625	0.0321889998127	0.223799594906	0.0625306499041	0.186548494301
89.0	19.8	19935.8016667	115.293299653	4.37142857143	1.1537419427	0.316768916111	0.117875652296	2.71612650201	1333.0	7.0	4.19182116386	0.640672040793	0.0	0.0560448845903	0.137741562934	0.0136726412145	0.000161895955555
91.0	1312.02713	460634.243436	7377.21446428	4.50472827175	2.03783743212	0.209620486023	0.551619717451	4.92000514899	25632.0	69.0	4.41095705092	0.492218890438	0.0289855072464	0.054695813805	0.297240837253	0.0905592402142	0.00706148236219
92.0	3566.54706639	259149.3225	3873.588016	4.55337670576	2.13900610852	0.153795371971	0.389801077615	5.09006150201	8335.0	31.0	4.82441361216	0.528979504106	0.258064516129	0.0633173918611	0.225103862635	0.0621498266572	0.0414556054641
93.0	1080.0	14848.05875	181.711859252	4.28903595677	1.09861228867	0.199429517705	0.11594438119	15.7425347327	1641.0	6.0	3.72780238596	0.463736394276	0.0	0.0436894330858	0.150260437346	0.014879455675	0.191056285779
94.0	1491.41838393	231040.574167	2703.32516794	4.65539016146	1.63134542081	0.205238795656	0.387783144754	6.69389732346	7227.0	13.0	4.66913175632	0.558449125773	0.153846153846	0.0176980915244	0.185069001482	0.0626943734708	0.0642936432214
95.0	1200.84894016	169551.048333	582.402495985	4.67143507999	2.10657733323	0.107662909376	0.124137278155	8.87324238116	1315.0	14.0	4.58736165583	0.654301978407	0.0714285714286	0.0193044032678	0.160862499388	0.0174566864844	0.0949799612834
96.0	629.3	81937.4516667	1079.38067161	4.15089922053	1.74815545725	0.113152584664	0.154768967089	1.58080803866	1959.0	12.0	4.32572893409	0.60243258718	0.25	0.0467657867407	0.1194470611	0.0175205432602	8.82126101556e-05
97.0	55834.0	80931.9025	1093.44208471	4.62236737058	2.30342706588	0.128140355016	0.282263358197	15.7031575319	4870.0	23.0	4.76222027005	0.535754580824	0.0869565217391	0.0315703772223	0.187216028487	0.0413652177253	0.193832904721
98.0	648.9	37297.28325	531.25743234	4.43209621628	1.76725697359	0.145916505265	0.216175963314	2.22681194472	2257.0	22.0	4.74513897509	0.775539143894	0.0909090909091	0.0171671973212	0.170808703628	0.0195424484402	0.000807466670631
99.0	11049.2	1761420.66292	4062.07607781	4.39241028021	2.16218269923	0.233005745733	0.638033574844	10.1531064362	21540.0	33.0	4.36497314311	0.525702691089	0.181818181818	0.038245243488	0.304691361837	0.111322772403	0.0906842669997
100.0	622.2	328653.048667	3363.87576537	4.51746427971	1.93405648522	0.177865364914	0.54977748565	6.02741887786	11616.0	40.0	4.95736583037	0.636072780306	0.025	0.0417461394851	0.268299906436	0.0882332462311	0.0305660722857
101.0	8633.0	455162.9595	5233.79848236	4.51013332405	2.34233965035	0.146098059739	0.585792219674	12.5337603649	18292.0	39.0	4.5761510772	0.51383696193	0.0512820512821	0.0401093204038	0.246736181821	0.102612797271	0.134071392654
102.0	1441.1	292211.674583	1197.78175259	4.63708562701	1.95134960625	0.145215697898	0.296485103349	8.93412534362	5056.0	21.0	5.03546147199	0.601626465614	0.0	0.0419962425791	0.19347921551	0.0447631710908	0.0718851274373
103.0	978.0	206029.732321	2500.00785302	4.55814014502	2.35813631601	0.125029189562	0.430193092281	12.0113616647	9205.0	69.0	5.22948288783	0.534766992403	0.0724637681159	0.0233370282921	0.222018488047	0.0680088881788	0.12736386565
104.0	103.5	20441.9672619	313.623275904	4.55905914624	1.60943791243	0.162526976854	0.154590862012	2.66058794147	843.0	10.0	4.6251761556	0.75597257681	0.0	0.0440415564647	0.172026158038	0.0100266799818	0.000723065370113
105.0	286.4	122121.757976	1087.11736402	4.46117645123	2.09544620332	0.135669261354	0.24878031875	14.9854700612	5816.0	32.0	4.53098963811	0.385899371626	0.0625	0.027767990884	0.209953363334	0.0371770882479	0.178089763277
106.0	3515.11884626	4405258.15075	52986.8773258	4.54709422665	2.46013464612	0.172821241334	0.846137130027	6.26595872207	124967.0	241.0	4.73156365778	0.418132271747	0.174273858921	0.0369526637749	0.315175660856	0.165209786019	0.0527848068481
107.0	138.01357	42879.0964167	391.847726983	4.47903531154	1.68869931303	0.141409838741	0.194325213039	3.12573360148	2406.0	16.0	4.72846834484	0.717694682652	0.0625	0.0228224467433	0.155078555981	0.0212164954824	0.00288414249961
109.0	277.86678	543173.166071	12352.8857672	4.45414825886	1.85381209851	0.133573783217	0.218362598131	2.87463525789	40658.0	31.0	1.51296282234	0.147897205832	0.193548387097	0.0307922595594	0.220558385668	0.0346364662008	0.00111438774218
110.0	428.1	119959.991179	1304.4764619	4.5941062074	2.15203482943	0.121404878098	0.379479359243	13.1211268497	9200.0	63.0	4.72517335809	0.478558012868	0.0952380952381	0.0281980516951	0.203104812459	0.059934177666	0.147004831413
111.0	7262.2	630905.74975	4504.91354981	4.35966340366	2.36036125577	0.141320906802	0.537303159787	14.0027268671	18059.0	55.0	4.89582548499	0.487522831772	0.109090909091	0.0205063118741	0.239459017589	0.0915899241428	0.164381827289
112.0	7684.0	516751.945833	5690.76398008	4.56673273054	2.45413758492	0.162165402945	0.567880541882	13.0360696494	18060.0	37.0	4.8112273503	0.469611174017	0.0540540540541	0.0383573863814	0.262449195243	0.0955730101223	0.138447121442
113.0	15307.4	356848.12625	2460.37186422	4.54313970207	2.10173521229	0.167999362388	0.743336766698	12.9046894578	29645.0	33.0	4.57759902631	0.508489401249	0.272727272727	0.0709392196287	0.254965606963	0.133900912184	0.15218561094
114.0	1503.41830196	2506574.92208	27358.2761059	4.54388040358	2.53863449205	0.191667684626	0.95331566206	2.27532048998	89453.0	58.0	4.82020827259	0.542798504639	0.155172413793	0.0404274507975	0.329918353287	0.184602667674	0.00202236185358
115.0		507364.305833	5755.60430434	4.34987350385	2.08525668881	0.134051044076	0.481041776927	3.1646231309	13623.0	78.0	5.08734568973	0.657474776003	0.115384615385	0.0280542465125	0.240290193058	0.0732818042333	0.000267600793071
116.0	54.1	63668.905	648.809453125	3.73677296957	1.09861228867	0.280859654706	0.250852685699	1.93286621274	11546.0	3.0	2.5322437024	0.182837571566	0.0	0.0422283747532	0.20709706619	0.0280990312739	0.000499625535581
117.0	3789.3	323107.391833	2481.15031939	4.70924363797	2.18515914794	0.134163031037	0.371716912798	9.32963556924	9908.0	32.0	4.47093040599	0.469744779341	0.0	0.0485091854765	0.204030211497	0.0609190204043	0.0722381112621
118.0	1081.70689685	2528573.70083	32125.7855743	4.69067183486	2.50633556057	0.156457587385	0.708652312136	5.24955767079	27708.0	47.0	4.79923794028	0.54639893062	0.170212765957	0.0337329765225	0.266030315644	0.128654786473	0.0419249089688
119.0	2765.12396928	12459.0	217.084421867	4.85	0.69314718056	0.297117936754	0.0177121747032	6.72099665816	103.0	2.0	3.43470618864	0.657742180081	0.0	0.05897616327	0.0918760000542	0.00194413598402	0.0446934924502
120.0	2546.6	535567.081952	7471.80685098	4.66839102803	2.16744696778	0.159281785115	0.555077669604	9.70591033697	30574.0	69.0	4.55981181003	0.511170794387	0.159420289855	0.0367050033166	0.267431222176	0.103197258622	0.0831900474278
121.0	4311.39912136	1096905.74283	10895.1369124	4.63036041407	2.44338637545	0.181495155715	0.688116386035	11.1830351344	22278.0	78.0	5.12581837044	0.577265850267	0.102564102564	0.0295593903726	0.277270949939	0.123252500728	0.123331290302
122.0	1401.41899869	106158.069583	1082.2160651	4.73919110652	1.1537419427	0.308985029963	0.215809024511	12.1667496257	3071.0	7.0	4.24642730327	0.547581425814	0.0	0.0416574174483	0.169670352025	0.0337837287743	0.133831394128
123.0	4691.0	88696.5970834	477.814509201	4.58105833348	2.14584175259	0.143499249475	0.394454879279	11.3926182921	9742.0	22.0	3.81391886747	0.497040203596	0.181818181818	0.0293388731357	0.243916491215	0.0648185747612	0.120110812164
124.0	11044.4	189989.285333	1162.37678525	4.24748263942	2.27323236518	0.116690754123	0.286617389773	12.1946717778	3985.0	33.0	4.62056363049	0.572168566126	0.151515151515	0.0210317545531	0.20171715049	0.0414870598285	0.13331249869
125.0	2908.8	235448.495	1680.63721791	4.28599547908	2.10657733323	0.149700625524	0.46721987133	6.01423631038	14722.0	14.0	4.12497513337	0.495080976802	0.0714285714286	0.0210412783509	0.236757857586	0.0839408390632	0.0337379080764
126.0	1826.55895181	121515.003333	914.206939225	4.68865737867	2.07944154168	0.199236616465	0.500771590175	9.68245939043	11324.0	16.0	4.62308711352	0.605196904304	0.125	0.0207502117111	0.270344182736	0.0846758373625	0.096278088523
127.0	2397.85774	948701.324984	17606.1042872	4.3430092282	2.15937461018	0.147036465686	0.330403775846	5.45525143257	50777.0	84.0	2.40286252351	0.276999032565	0.130952380952	0.0261491242615	0.282652241795	0.0556000861303	0.00879564262815
128.0	4542.0	4057725.55441	45769.3559028	4.57377098198	2.30394889581	0.177915231811	0.96558200636	9.67277845487	92063.0	125.0	4.86428635055	0.552311659644	0.184	0.0459556171443	0.324616542181	0.186815644458	0.089740617685
129.0	2003.98631128	967426.43	14624.8004134	4.63871721214	2.44224117855	0.133656032055	0.777166547376	10.5292340147	20876.0	51.0	5.47204012771	0.66589314092	0.0980392156863	0.0316680861	0.250950785297	0.137005920302	0.111253028661
130.0	3.7	4.68333333333		4.62320441989	0.0	0.999746713028	0.0131262115623	0.108404777601	38.0	1.0	2.76010348481	0.764352971548	0.0	0.0492389587136	0.0952005248516	0.00082940037164	7.89391963599e-06
131.0	1511.13253498	829317.006667	9795.36165966	4.5656264275	2.26285773036	0.141400261037	0.584347934243	6.63680608198	15121.0	40.0	5.0767963959	0.583474456773	0.075	0.0255539711887	0.251694017228	0.104852777631	0.0635229005991
132.0	1973.1	74316.579	811.541583494	4.82499881224	1.74786809747	0.245533100825	0.140984631181	5.39572212036	2037.0	7.0	4.10094947837	0.521416618157	0.142857142857	0.0293544973469	0.155980342176	0.0200115746589	0.0278076948422
134.0	3917.0	505654.665976	6583.99762182	4.66185982836	2.15981703176	0.194153129299	0.630871681811	7.48627588419	18013.0	40.0	5.20021769876	0.582965180781	0.25	0.0634934900619	0.283953665621	0.111216982226	0.0531703171008
135.0	77.3294	9695.19416667	81.130463975	4.32293584849	1.79175946923	0.201034696497	0.0970963243908	1.9336234269	519.0	6.0	3.99346892802	0.762291015744	0.0	0.0619392431358	0.111275239086	0.00697559784013	0.000872433897844
136.0	1698.84553847	190211.049	883.661590273	4.67735823501	2.38955663325	0.142833249868	0.254547930596	6.46595497914	4326.0	22.0	4.5984646562	0.580634129225	0.0454545454545	0.03330308579	0.225873582293	0.0390009991609	0.0426840453076
137.0	3017.12224795	463142.175417	8223.75203697	4.58609312146	1.96055075675	0.15200304396	0.3707830755	8.55050303465	9846.0	26.0	4.32957162691	0.490327576944	0.269230769231	0.061334622218	0.188159566482	0.0627840865033	0.0726744054953
139.0	169.8	2520464.04642	27099.7680118	4.57977207545	2.49072501277	0.168460316834	0.924948479005	7.46514564003	73501.0	63.0	4.66679009069	0.542390704303	0.126984126984	0.0304045391042	0.292623924989	0.179983424856	0.0497999158315
140.0	1292.5625994	962215.963333	12394.9315738	4.457141527	1.74806734855	0.192625564688	0.223174438677	2.35558598123	4875.0	10.0	4.04126226304	0.516606087897	0.1	0.0204479598671	0.191792241178	0.0333637031841	0.00896104468576
141.0	1698.84553847	870180.96894	9726.41046656	4.80134807332	2.01973892021	0.275149953954	0.567660853545	4.41733121062	41591.0	69.0	4.03160463409	0.417910524302	0.0869565217391	0.0298551110821	0.282911785729	0.109036864061	0.0354470109243
142.0	3.1	17309.1738333	133.493136764	4.39632646409	1.92512119079	0.116063509821	0.116017711324	0.0	530.0	13.0	4.45087557739	0.682117960691	0.0769230769231	0.0158207768704	0.120837661139	0.00727287055502	0.0
143.0	1566.7	25440.76125	298.674765625	4.50002687224	0.0	0.790469846278	0.105557187699	6.59480841971	1365.0	3.0	3.97063852423	0.545707816041	0.0	0.0436233537555	0.135509830727	0.0142432761892	0.0403978395735
144.0	1907.2	1982090.83858	22270.8429046	4.56665651346	2.47672177017	0.179687033877	0.878272119515	7.36624813908	57221.0	117.0	5.45090478122	0.705099268228	0.0940170940171	0.0401025369451	0.29756807696	0.165452226671	0.0577515196347
145.0	3566.54706639	1458508.98767	10586.2483177	4.62648645419	2.38150421832	0.160317800812	0.763813332378	6.20712252179	23483.0	66.0	5.67911654957	0.654244575029	0.106060606061	0.0308818452518	0.287640329756	0.137023064751	0.0505574420457
146.0	2197.6	103005.950833	880.077684847	4.54695141503	2.07944154168	0.122153559857	0.0952305141597	5.42449572621	26518.0	16.0	0.958613223879	0.0804242573203	0.125	0.0255712382818	0.202390897622	0.0159027530914	0.00931200290413
147.0	315.0	587.2475	1.92248251748	4.50235772358	1.09861228867	0.3615382309	0.0128078940994	5.01727887289	94.0	3.0	2.82051425121	0.687491620495	0.333333333333	0.0967629308075	0.0935941494457	0.00144167867346	0.0252144081412
150.0	1323.1	72474.6683333	691.022036758	4.40784386029	1.98626651786	0.125536782203	0.0851199192766	0.951675425459	1139.0	19.0	4.12783365876	0.506442540587	0.0	0.0462115985794	0.106146444704	0.00852570933492	3.02082998804e-05
151.0	371.8	447461.151333	6340.38604649	4.59698605422	1.81698317338	0.205240620177	0.666680521022	3.22623601853	25613.0	18.0	4.9346356939	0.61118563351	0.166666666667	0.0348698694234	0.304730773792	0.116191345131	0.00868504604635
153.0	3718.7	66983.7295	988.058113449	4.60582962195	1.42706104338	0.184477327115	0.158875035684	3.60001429141	2880.0	9.0	3.93866459287	0.46647274987	0.222222222222	0.0353720642358	0.161503132249	0.020614627213	0.00980824811847
154.0	1511.13253498	508081.14625	9419.76678318	4.69614511246	2.34573740386	0.15888019285	0.448759856024	6.63093204704	9932.0	20.0	4.41685459255	0.573025702849	0.15	0.0214415206435	0.202805803614	0.0759393217865	0.0515092756149
155.0	5023.67997023	1806619.04889	18935.3912677	4.61169949006	2.47376828609	0.194560153191	0.766725731574	1.45425107282	41724.0	67.0	4.84125501582	0.565193145994	0.0149253731343	0.0517115471049	0.303821482134	0.14303891372	0.00316141717316
156.0	576.5	62990.6316667	461.652869729	4.72816688131	1.84622021932	0.116860128308	0.159954758689	3.26469968812	2399.0	11.0	4.20056651722	0.532192030448	0.0909090909091	0.0284813907518	0.17420934308	0.0217318694534	0.0053481168572
157.0	322.0	0.0		4.9	0.0	1.14600436057	0.000432276683337	0.190679134418	13.0	1.0	0.535961049709	0.266093954051	0.0	0.0453734493603	0.0566880446754	6.88954125939e-05	2.27469407821e-08
159.0	1040.56432074	9780.78333333		4.63333333333	0.636514168295	0.497491751668	0.0239835459851	1.19346595148	341.0	3.0	2.60952113777	0.485112564714	0.666666666667	0.581139443802	0.0752556878525	0.00305932510974	0.00129369397026
160.0	994.0	24581.9829167	266.35315103	4.14878358268	1.80650716526	0.120332772456	0.0963079857453	0.564459007784	1310.0	15.0	4.02572530118	0.513072181165	0.266666666667	0.0544681151572	0.137284347178	0.0108145912994	1.96068006333e-05
161.0	4974.8231611	82801.2066667	1515.15156685	4.42515223394	1.94289669105	0.113438430039	0.229896262973	1.71693368394	4919.0	32.0	4.76903668212	0.533317481565	0.0625	0.0250837545573	0.167530522954	0.0315311126965	0.000111516828397
163.0	202.4	26456.2		4.44561101549	1.1537419427	0.268447054531	0.106163105518	0.936444003511	1515.0	7.0	3.13797262359	0.461985924213	0.142857142857	0.0148159017349	0.167389665442	0.0127380062591	0.000344788849514
164.0	322.0	223530.57	3030.30764613	4.2995913619	2.0575754914	0.158311412244	0.326702202009	2.05773294621	9516.0	40.0	4.15976836709	0.48865518787	0.05	0.0409453713805	0.243263428846	0.0441682755951	0.000233181624838
165.0	1238.5	1906617.9198	35422.4961773	4.46696254668	2.29446229491	0.167171870755	0.793178238174	3.03519475803	73492.0	128.0	4.54062229196	0.502674471426	0.140625	0.0388496439187	0.322887111549	0.144435782086	0.00460846363756
166.0	205.9	734041.845147	6027.46351711	4.52800554387	2.42097309514	0.164278872593	0.613019078634	3.68546382615	36423.0	72.0	4.39210982834	0.477823551243	0.111111111111	0.0386218596608	0.304582842468	0.111313861306	0.0124144311626
167.0	350.0	1011.5825	14.3205643128	4.20696393563	0.636514168295	0.647239301205	0.014224175878	0.415015294584	44.0	3.0	2.5623046987	0.599284098707	0.0	0.0435303960958	0.0680770865837	0.000743658124643	9.38850310343e-06
169.0	784.0	975446.105691	7294.26000945	4.4348043119	2.6063493578	0.153111773985	0.512479398328	1.10742489508	12237.0	95.0	5.53293952017	0.767276888119	0.0947368421053	0.032267502633	0.270990377814	0.0793179112653	0.000105572102849
171.0	1162.0	67119.2325	457.83149745	4.47127112389	1.82387331599	0.123991756228	0.170666276685	1.47058661766	1260.0	17.0	4.71348933608	0.694649348233	0.235294117647	0.0437000031477	0.18583405869	0.0146269088216	0.000148432079938
172.0	392.0	1210330.9375	17153.8053289	4.47298351891	2.14090495592	0.179221030324	0.805020894019	5.55134730769	84782.0	97.0	4.6883411686	0.532352455097	0.237113402062	0.0647169099412	0.312556651573	0.146204730224	0.00107911617347
173.0	546.0	670746.641726	10422.4863475	4.5420170812	2.07230985277	0.199748713902	0.712684709637	5.58968944964	41011.0	62.0	4.69564285589	0.62634319856	0.0645161290323	0.0454875159419	0.296097222825	0.11910800553	0.00108332462191
174.0	432.0	338548.12275	5156.85014175	4.43027389724	2.00755630744	0.181506900473	0.845868356589	3.06651186698	32604.0	14.0	4.69390306015	0.573147088031	0.142857142857	0.0464095976646	0.302258137699	0.150893171519	6.27561345806e-05
175.0	728.0	216944.045	3042.85568607	4.67810701025	1.7328679514	0.176722677948	0.208209307193	2.52892687489	16736.0	8.0	1.82125845996	0.203260878118	0.0	0.069350951279	0.233923799148	0.0312586876679	0.000295511735673
177.0	941.4	1426099.1274	13868.3405366	4.43464608967	2.36318482213	0.147943621798	0.668708657425	1.19628064316	48063.0	169.0	5.2084320084	0.588893878196	0.0887573964497	0.0315413500336	0.290655312799	0.126386287521	0.00161757882788
178.0		36392.9274762	636.757669134	4.36674406942	1.95663256494	0.113955903545	0.172008437707	1.80216941859	2011.0	29.0	4.83946394385	0.67591325661	0.137931034483	0.0265679350109	0.187569718561	0.0149962251003	3.8739976047e-05
179.0	70.3	122998.635	217.791050686	4.56767669923	1.00271826452	0.536596178511	0.131611587369	0.305403229839	1751.0	9.0	3.91341561899	0.513769033105	0.111111111111	0.0150529273198	0.163570910038	0.0161425166606	1.57469916326e-07
180.0	1008.0	13501.202	147.748993646	4.37802053212	1.55711309806	0.159498522053	0.104417993135	2.29885200684	661.0	10.0	4.73740810658	0.746187823102	0.1	0.0126841285095	0.126633538689	0.00941049725288	0.000267264444327
181.0	729.9	1135215.82548	18591.4091559	4.24635119031	1.99540055837	0.182695427778	0.470449454503	3.01435979283	33760.0	31.0	3.52581329096	0.296450769997	0.0967741935484	0.0310291425027	0.291479648334	0.0708187903814	6.19997129509e-05
182.0	1163.1	150610.538167	1524.69821548	4.44633955387	1.86718545614	0.125717784349	0.192725872419	0.501895841847	5189.0	39.0	4.26689528322	0.455699192915	0.102564102564	0.019734533522	0.192629833861	0.0250188392447	8.71745847002e-07
183.0	4.2	0.0		4.8	0.0	1.15222571429	0.0148106605861	0.0	153.0	1.0	2.33443442924	0.493111969084	0.0	0.0420214609983	0.0806141632353	0.00123532140434	0.0
185.0	616.0	40787.5253333	689.775098394	4.3492765533	2.17490364012	0.128094713576	0.235679531613	1.52520291621	2590.0	23.0	4.87363580119	0.7833738024	0.130434782609	0.0260087801093	0.196160469793	0.0236190694042	0.000114139700296
186.0	798.0	74757.94375	1362.99195805	4.0585185753	1.27985422583	0.169741449812	0.108842839733	0.3792208388	6738.0	10.0	1.33381919827	0.0735198397781	0.2	0.0256687715311	0.15180896128	0.015056676949	3.04007461157e-06
187.0	210.0	116087.466583	1135.25596828	4.21702100133	2.18100587181	0.143093519235	0.349367990658	2.02276911616	7289.0	50.0	4.57059573427	0.719842555269	0.06	0.0453774365283	0.257784343581	0.0440609645527	0.000255387823487
188.0	448.0	848.7825	14.3861440678	4.64125560538	0.0	1.11879995251	0.0198686314717	0.144576483409	59.0	1.0	2.58725582406	0.776798718045	0.0	0.0780914702965	0.101170882765	0.000908244531413	1.54552702876e-07
189.0	532.0	22177.172381	273.150930759	4.28003801172	2.01984218488	0.120250892462	0.159110477623	0.49876300611	1472.0	23.0	4.32034337412	0.708917546253	0.130434782609	0.0375794549867	0.17682519552	0.0131397454207	4.06379134107e-06
190.0	563.5	31323.3485	409.720293294	4.29239167317	1.89774852941	0.174565515331	0.180148460979	0.493128848586	2275.0	22.0	4.0438639205	0.568598304757	0.0909090909091	0.0190072645341	0.188813314724	0.0192482403507	3.9947896097e-06
191.0	216.1	146703.519167	2817.18204292	4.36351165981	1.69574253417	0.193595284034	0.108595914975	0.903152126906	5015.0	10.0	2.03854476048	0.234807543856	0.2	0.0290856471844	0.166286908466	0.0148574254531	1.77885772425e-06
192.0	1216.8	72128.3908333	898.815031899	4.38304154602	1.55958115626	0.268416455013	0.120305353603	1.37565428217	1016.0	8.0	4.85731550063	0.734436657726	0.0	0.0419897288353	0.189688609255	0.0103414413126	2.76303321078e-06
194.0	31.9	1070.66		4.51135458167	0.69314718056	0.495434686275	0.0282423485057	1.62772961812	97.0	2.0	2.94808740287	0.664558716616	0.5	0.301065927338	0.147941834222	0.0012568605382	3.53521192202e-05
195.0		32584.4893333	248.076660269	4.275	1.38629436112	0.227865753175	0.0674442043302	1.53686413803	390.0	4.0	3.81001743145	0.717625301871	0.25	0.0450954153566	0.116512467415	0.00554832954305	3.15273103163e-06
196.0	2860.5	1326897.8705	17503.5940183	4.55097620091	2.38051032706	0.162027456599	0.739283271797	1.80884257977	60626.0	153.0	5.18647567298	0.72322696782	0.137254901961	0.0384186465838	0.310569731644	0.130783831917	3.74346088176e-06
198.0	406.0	1284.38	2.47887323944	3.6	1.33217904021	0.164355960233	0.0205309530333	0.744990671464	116.0	5.0	3.12580966923	0.609816795249	0.0	0.0466830225732	0.077931668117	0.00143431150895	1.53097737498e-05
199.0	51.2	1078.97833333		4.81467817275	0.0	0.917877095758	0.0677377238274	0.560621475224	212.0	1.0	3.07454309833	0.662429080176	1.0	1.5326869194	0.13211522956	0.00305058584936	1.00267027457e-05
200.0	406.0	16889.2656667	370.912254032	4.55862722244	1.7326587202	0.156470625299	0.153264283875	0.513502821649	1615.0	13.0	4.71653414059	0.841547614705	0.153846153846	0.0248210833032	0.151360541535	0.0137114295275	1.91932815472e-05
201.0	239.4	66640.4183333	584.211064179	4.35012928274	2.02804676778	0.134766063483	0.174447662158	0.90483175152	2016.0	19.0	4.45714357466	0.6156098068	0.263157894737	0.0538889193031	0.185285158317	0.0175122660848	2.00938933256e-06
202.0	72.4	0.0		4.4	0.0	1.15222757567	0.000207441311809	0.104784814232	13.0	1.0	1.28529302412	0.337078971898	0.0	0.0414316019754	0.0685143235922	3.71069559457e-05	1.42665004369e-07
209.0	350.0	233.5925	11.679625	3.24074074074	0.0	0.930330568195	0.00202045558858	0.134605534233	10.0	1.0	1.22752941146	0.498069503701	1.0	1.58715142658	0.0575200223849	0.000114257454273	5.27013360534e-07
211.0		4942472.6725	185172.475932	4.29017864296	2.13046843664	0.189573056277	0.782216600056	0.95692686232	41761.0	35.0	4.55566772386	0.464946948099	0.142857142857	0.0464291814784	0.31916351752	0.142020307089	5.94649946179e-07
212.0	190.4	20476.7183333	201.636259262	4.6418369439	1.1537419427	0.294970344419	0.0898491648438	0.899899728158	1000.0	7.0	3.64776608051	0.553821987202	0.142857142857	0.0135006208485	0.157460662788	0.00717974980686	1.80614020951e-06
213.0	61.8	6157.0		4.1	0.500402423538	0.761637916418	0.0493937526929	0.309745821916	401.0	5.0	2.90081651333	0.50197645101	0.0	0.0416783562435	0.110684344378	0.00417089339135	2.19236899734e-07
214.0		31676.0375	468.539154412	4.33164277201	1.69574253417	0.111961647104	0.0611486339053	1.21383220789	649.0	10.0	3.78948212993	0.584076249767	0.1	0.0129717237884	0.134658852655	0.00631304273327	6.72394423406e-07
215.0	49.4	7099.16333333	94.1637855079	4.79042634751	0.636514168295	0.581112995308	0.0489621951967	1.73373619177	328.0	3.0	3.92838994795	0.774510289437	0.0	0.0374683167789	0.116250316186	0.00393082677229	3.64167084261e-06
218.0	76.5	340.0		3.5	0.0	0.80542735435	0.00318973575748	0.768514391107	16.0	1.0	1.7328679514	0.50917148725	0.0	0.0493049364579	0.0716398273793	0.000189412852954	4.40515609823e-07
221.0	81.5	71.8475	1.73411111111	4.01666666667	0.69314718056	0.401376082461	0.00730211303199	0.156643163114	36.0	2.0	2.27891580817	0.48681233247	0.0	0.0317482278782	0.0686914283309	0.000409921304288	4.12407224886e-08
222.0		1130.62333333	26.6820985772	4.40146636432	0.0	1.03148480114	0.0122816516199	0.213205100362	62.0	3.0	2.98949002814	0.646985261176	0.0	0.0429587870227	0.098940504961	0.000839479061254	5.48238394905e-07
223.0	48.0	5742.618	10.5892615385	4.20779569893	1.03972077084	0.232492146624	0.0161038439611	1.56278998353	83.0	4.0	3.47521213855	0.763447006722	0.0	0.0358757378895	0.0877152929683	0.000730894174891	4.89835224016e-06
224.0		119233.665	2019.78986417	4.04082040389	2.18443873	0.169215491216	0.371194010688	1.03755844631	9294.0	28.0	4.11095013599	0.544916819392	0.0714285714286	0.0425809986569	0.263334137618	0.0503895998982	5.22814478195e-07
225.0	141.939	2304429.83631	30101.505752	4.38897678253	2.06520235178	0.175973235981	0.733506297851	1.3256042335	71278.0	105.0	4.55946290181	0.585859464631	0.133333333333	0.0459390583002	0.326732008232	0.133483531758	4.54018861471e-06
226.0	67.46927	68.5141666667	0.488530701755	3.78267898383	0.69314718056	0.569896444017	0.00318771255381	0.133474688548	44.0	2.0	2.24010672381	0.380792004606	0.0	0.0350629439846	0.114754092993	0.00034213170397	2.81021733054e-11
231.0	22.9	7821.8	95.6169198999	4.29568498169	1.33217904021	0.291753830461	0.0279152929119	0.55427538487	125.0	5.0	3.27203672942	0.625935655176	0.0	0.0413569130434	0.144097030644	0.00167146465399	2.48696716352e-07
232.0	77.3	88.4285714286	1.40362811791	4.62103658537	0.0	1.050418307	0.00365327861962	0.0	29.0	1.0	1.7064466283	0.56526777213	0.0	0.0442223090978	0.0678692317459	0.000413991019459	0.0
233.0	137.038	12344.475	183.384214286	4.94187676958	0.69314718056	0.372652167983	0.033058300848	1.64594079256	445.0	2.0	3.58743599307	0.612963530733	0.0	0.0397879109989	0.0842966909274	0.00330627557866	5.25225545774e-06
234.0	4.92486	1582.29583333	43.9427045583	4.95852980781	0.673011667009	0.60522726054	0.0634826919194	0.0	538.0	5.0	3.64372557276	0.601785838405	0.0	0.0436909365373	0.150121432796	0.00577681476822	0.0
235.0	83.26289	250880.657738	4942.77618959	4.27072902138	2.10366209888	0.124795523467	0.248220299802	0.0	14588.0	42.0	3.0461276385	0.256283787253	0.166666666667	0.0242636887631	0.227105186332	0.0363024928521	0.0
236.0	197.566	677.442166666	6.89732100511	4.62757439397	1.05492016799	0.241512573061	0.0196587878767	0.106776409953	141.0	5.0	3.33800825	0.680580766001	0.0	0.041735509676	0.0926702224058	0.00161142955902	3.51694713327e-07
240.0	100.9	11490.16	67.2567176412	4.26291444442	1.08889997535	0.441145780536	0.0466074006407	0.383466118326	489.0	10.0	3.53323691577	0.468568790752	0.0	0.0444387605574	0.118713402133	0.00438275938513	2.10606510458e-07
241.0	509.2	520220.094167	10179.182752	4.56672079488	1.86367998734	0.182057583375	0.115593244865	1.13966286945	26077.0	12.0	0.98357428584	0.0565519018207	0.0833333333333	0.0169488005198	0.174769800893	0.0151110815272	5.79090951987e-07
264.0	37.9	60.7066666667	0.933948717949	4.40930232558	0.0	1.06141957596	0.000427935963715	0.117161994788	12.0	1.0	1.58902691517	0.3756429316	0.0	0.0418011166398	0.0554402013831	6.08798086446e-05	5.27846932668e-07
272.0	571.2	254393.7505	3306.95833998	4.55483736626	2.08340990234	0.155173649596	0.476765164085	1.66595838618	11982.0	69.0	5.43829194501	0.648767704998	0.188405797101	0.0379317471838	0.276988567876	0.0787986505209	0.000447832955526
273.0	68.0	256.0		3.4	0.0	1.00772708314	0.0101986487625	0.213831448372	25.0	1.0	2.67402098313	0.959587303776	0.0	0.0592340992296	0.102626098628	0.000437837710084	8.13659043535e-07
274.0	267.2	269755.540024	5586.84800206	4.50424277183	1.93380241305	0.172325703758	0.389986810353	1.60015700621	14717.0	31.0	4.51454712952	0.50903519535	0.0967741935484	0.0297558061162	0.262529890441	0.0630782592476	0.000395759523005
275.0	141.6	88.0		3.6	0.0	1.13333431411	0.0158674056138	0.141125297489	75.0	1.0	2.82417103642	0.695936228312	0.0	0.0542801609978	0.092551652026	0.00104709817453	8.48255189578e-08
277.0	213.6	20272.0	13.85	3.9	0.636514168295	0.673073360811	0.0490689948241	0.0	342.0	3.0	3.24114780292	0.594434126063	0.0	0.0708137985234	0.144293793715	0.00409643583693	0.0
278.0	385.87323	2082.0	24.2093023256	4.3	0.0	0.794084516117	0.00826566478021	0.133474688548	56.0	1.0	2.46457727239	0.551562714212	0.0	0.0431969733396	0.0927601089804	0.000761844686743	2.81021733054e-11
279.0	882.0	166562.5505	2411.60263175	4.36421225273	2.2365994362	0.129119262159	0.130127778927	1.89819925468	28054.0	22.0	1.37476729143	0.106519820176	0.0454545454545	0.0293279088909	0.207779947318	0.0207391964811	0.00014664385389
281.0	17.3	741.366666667	9.75482456141	4.93225806452	0.0	0.993320676534	0.00418329158308	0.707893753876	21.0	1.0	1.78848205673	0.692237327329	0.0	0.0427259613324	0.0615091025044	0.000347291726458	1.06473446986e-05
282.0		119981.980841	1447.39824465	4.599551355	1.98803390136	0.136408984721	0.205656877538	0.0	4899.0	42.0	4.63207005804	0.519071644398	0.119047619048	0.0186004760055	0.193565113515	0.0291960685998	0.0
284.0		5704.075		4.9	0.69314718056	0.286262523918	0.0132596169288	0.0	150.0	2.0	2.92753160754	0.530358137379	0.0	0.0410203132405	0.0728426445062	0.00184838279524	0.0
286.0	747.2	607859.033083	8902.74026136	4.68724615093	2.14518456118	0.201096846754	0.825899812575	12.8767092786	27660.0	41.0	5.32502807216	0.638556687198	0.19512195122	0.047589318549	0.293952968553	0.14417071421	0.155080009232
