districtID,NAME,所属省,区县,经济,Area_km2,province,city,county,town2010,Popu,Popu_float,Area_COMP,Pop_Sum,Dens_Pob
1,榆垡镇,北京市,大兴区,179.2,137.75200000000,北京市,北京市,大兴区,榆垡镇,56002,11917,137.75200000000,67919,493.05300000000
2,安定镇,北京市,大兴区,59.1,78.87190000000,北京市,北京市,大兴区,安定镇,29963,2745,78.87190000000,32708,414.69800000000
3,石楼镇,北京市,房山区,24.9,42.66290000000,北京市,北京市,房山区,石楼镇,28902,2791,42.66290000000,31693,742.87000000000
4,黄村地区（黄村镇）,北京市,大兴区,883.3,4.37218000000,,,,,16837,10896,4.37218000000,27733,6343.06000000000
5,采育镇,北京市,大兴区,196.5,70.93410000000,北京市,北京市,大兴区,采育镇,34073,6072,70.93410000000,40145,565.94800000000
6,窦店镇,北京市,房山区,280.5,65.28740000000,北京市,北京市,房山区,窦店镇,65574,25916,65.28740000000,91490,1401.34000000000
7,魏善庄镇,北京市,大兴区,92.3,79.79110000000,北京市,北京市,大兴区,魏善庄镇,43712,14406,79.79110000000,58118,728.37700000000
8,琉璃河镇,北京市,房山区,72.7,111.60100000000,北京市,北京市,房山区,琉璃河地区,59931,7180,111.60100000000,67111,601.34800000000
9,星城街道,北京市,房山区,,0.67564700000,北京市,北京市,房山区,星城街道,21861,649,0.67564700000,22510,33316.20000000000
10,良乡镇,北京市,房山区,100.6,36.51000000000,北京市,北京市,房山区,良乡地区,18978,4967,36.51000000000,23945,655.84800000000
11,长子营镇,北京市,大兴区,57.9,58.43420000000,北京市,北京市,大兴区,长子营镇,32985,8281,58.43420000000,41266,706.19600000000
12,迎风街道,北京市,房山区,,5.93707000000,北京市,北京市,房山区,迎风街道,31293,4130,5.93707000000,35423,5966.41000000000
13,新镇街道,北京市,房山区,83.6,0.56674600000,,,,,0,0,0.56674600000,0,0.00000000000
14,青云店镇,北京市,大兴区,226.2,70.06920000000,北京市,北京市,大兴区,青云店镇,69157,35216,70.06920000000,104373,1489.57000000000
15,林校路街道,北京市,大兴区,535.7,38.96200000000,北京市,北京市,大兴区,林校路街道,50917,11623,38.96200000000,62540,1605.15000000000
16,阎村镇,北京市,房山区,187.8,46.16160000000,北京市,北京市,房山区,阎村镇,48773,16067,46.16160000000,64840,1404.63000000000
17,新镇,北京市,房山区,,1.02477000000,北京市,北京市,房山区,新镇街道,8842,1696,1.02477000000,10538,10283.30000000000
18,西潞街道,北京市,房山区,648.7,8.73441000000,北京市,北京市,房山区,西潞街道,64757,12284,8.73441000000,77041,8820.40000000000
19,周口店镇,北京市,房山区,39.7,121.03100000000,北京市,北京市,房山区,周口店地区,42840,8462,121.03100000000,51302,423.87500000000
20,拱辰街道,北京市,房山区,920.1,15.79750000000,北京市,北京市,房山区,拱辰街道,132320,32996,15.79750000000,165316,10464.70000000000
21,城关街道,北京市,房山区,505.2,68.39440000000,北京市,北京市,房山区,城关街道,96243,21721,68.39440000000,117964,1724.76000000000
22,东风街道,北京市,房山区,,16.07520000000,北京市,北京市,房山区,东风街道,24321,3739,16.07520000000,28060,1745.55000000000
23,马驹桥镇,北京市,通州区,479.2,88.10120000000,北京市,北京市,通州区,马驹桥镇,107048,58086,88.10120000000,165134,1874.37000000000
24,十渡镇,北京市,房山区,11.2,191.88300000000,北京市,北京市,房山区,十渡镇,9778,851,191.88300000000,10629,55.39310000000
25,黄村地区,北京市,大兴区,,39.34700000000,北京市,北京市,大兴区,黄村地区,151607,98117,39.34700000000,249724,6346.71000000000
26,瀛海镇,北京市,大兴区,358.2,105.05800000000,北京市,北京市,大兴区,西红门地区,141355,104036,105.05800000000,245391,2335.77000000000
27,东高地街道,北京市,丰台区,187.937062937063,3.21416000000,北京市,北京市,丰台区,东高地街道,44912,6649,3.21416000000,51561,16041.80000000000
28,南窖乡,北京市,房山区,2.9,39.76950000000,北京市,北京市,房山区,南窖乡,3739,161,39.76950000000,3900,98.06510000000
29,霞云岭乡,北京市,房山区,3.8,206.75600000000,北京市,北京市,房山区,霞云岭乡,7140,228,206.75600000000,7368,35.63620000000
30,长阳镇,北京市,房山区,1002.9,95.27740000000,北京市,北京市,房山区,长阳镇,64996,28049,95.27740000000,93045,976.57000000000
31,亦庄地区（亦庄镇）,北京市,大兴区,476.3,39.70670000000,北京市,北京市,大兴区,亦庄地区,55318,21138,39.70670000000,76456,1925.52000000000
32,南苑街道,北京市,丰台区,225.524475524476,17.42760000000,北京市,北京市,丰台区,南苑街道,48076,21204,17.42760000000,69280,3975.30000000000
33,旧宫地区（旧宫镇）,北京市,大兴区,588.2,29.76600000000,北京市,北京市,大兴区,旧宫地区,193585,120991,29.76600000000,314576,10568.30000000000
34,云岗街道,北京市,丰台区,150.34965034965,5.71595000000,,,,,3269,414,5.71595000000,3683,644.33700000000
35,青龙湖镇,北京市,房山区,95.7,95.67520000000,北京市,北京市,房山区,青龙湖镇,44598,7198,95.67520000000,51796,541.37300000000
36,小红门地区（乡）,北京市,朝阳区,1811.98762277283,11.80980000000,北京市,北京市,朝阳区,小红门地区,57751,30168,11.80980000000,87919,7444.58000000000
37,马家堡街道,北京市,丰台区,1127.62237762238,5.49070000000,北京市,北京市,丰台区,马家堡街道,119595,33886,5.49070000000,153481,27952.90000000000
38,南苑乡,北京市,丰台区,1616.25874125874,16.30740000000,北京市,北京市,丰台区,和义街道,40477,13007,16.30740000000,53484,3279.74000000000
39,台湖镇,北京市,通州区,810.4,80.73820000000,北京市,北京市,通州区,台湖镇,99039,49983,80.73820000000,149022,1845.74000000000
40,西罗园街道,北京市,丰台区,638.986013986014,2.75097000000,北京市,北京市,丰台区,西罗园街道,83430,16814,2.75097000000,100244,36439.50000000000
41,十八里店地区（乡）,北京市,朝阳区,4221.3997361193,25.54880000000,北京市,北京市,朝阳区,十八里店地区,200884,154321,25.54880000000,355205,13903.00000000000
42,东铁匠营街道,北京市,丰台区,2067.30769230769,7.45856000000,北京市,北京市,丰台区,东铁匠营街道,144894,36878,7.45856000000,181772,24370.90000000000
43,方庄地区,北京市,丰台区,977.272727272727,3.19411000000,北京市,北京市,丰台区,方庄地区,83454,27169,3.19411000000,110623,34633.40000000000
44,云岗,北京市,丰台区,,8.34855000000,北京市,北京市,丰台区,云岗街道,29441,3726,8.34855000000,33167,3972.79000000000
45,右安门街道,北京市,丰台区,751.748251748252,3.74959000000,北京市,北京市,丰台区,右安门街道,83936,23188,3.74959000000,107124,28569.50000000000
46,河北镇,北京市,房山区,10.3,68.78920000000,北京市,北京市,房山区,河北镇,19877,1481,68.78920000000,21358,310.48500000000
47,宛平地区,北京市,丰台区,338.286713286713,20.99470000000,北京市,北京市,丰台区,宛平城地区,49180,24845,20.99470000000,74025,3525.89000000000
48,潘家园街道,北京市,朝阳区,390.854473029523,2.47327000000,北京市,北京市,朝阳区,潘家园街道,113115,26602,2.47327000000,139717,56490.80000000000
49,张家湾镇,北京市,通州区,513.8,105.45700000000,北京市,北京市,通州区,张家湾镇,89273,27539,105.45700000000,116812,1107.67000000000
50,白纸坊街道,北京市,西城区,1157,3.06226000000,北京市,北京市,西城区,白纸坊街道,95737,19579,3.06225000000,115316,37657.30000000000
51,陶然亭街道,北京市,西城区,437,2.32325000000,北京市,北京市,西城区,陶然亭街道,43455,9716,2.32325000000,53171,22886.50000000000
52,王佐镇,北京市,丰台区,225.524475524476,112.57700000000,北京市,北京市,丰台区,王佐镇,53808,17586,112.57700000000,71394,634.17900000000
53,牛街街道,北京市,西城区,3553,1.47673000000,北京市,北京市,西城区,牛街街道,51877,11078,1.47673000000,62955,42631.40000000000
54,天桥街道,北京市,西城区,245,1.76014000000,北京市,北京市,西城区,天桥街道,46385,12482,1.76014000000,58867,33444.50000000000
55,永顺镇,北京市,通州区,925.3,2.92672000000,,,,,18140,7864,2.92672000000,26004,8885.03000000000
56,王四营地区（乡）,北京市,朝阳区,2507.98286860611,14.68420000000,北京市,北京市,朝阳区,王四营地区,84394,62236,14.68420000000,146630,9985.56000000000
57,梨园镇,北京市,通州区,1217.3,19.09510000000,北京市,北京市,通州区,梨园地区,140520,62556,19.09510000000,203076,10635.00000000000
58,天坛街道,北京市,东城区,476.6,7.44554000000,北京市,北京市,东城区,天坛街道,50304,10139,7.44554000000,60443,8118.01000000000
59,体育馆路街道,北京市,东城区,288.4,1.90630000000,北京市,北京市,东城区,体育馆路街道,40303,7751,1.90630000000,48054,25208.00000000000
60,龙潭街道,北京市,东城区,539.1,3.08696000000,北京市,北京市,东城区,龙潭街道,56257,10221,3.08696000000,66478,21535.10000000000
61,豆各庄地区（乡）,北京市,朝阳区,617.99577862782,13.93060000000,北京市,北京市,朝阳区,豆各庄地区,32535,16898,13.93060000000,49433,3548.52000000000
62,黑庄户地区（乡）,北京市,朝阳区,1263.41994132789,24.66290000000,北京市,北京市,朝阳区,黑庄户地区,57257,33467,24.66290000000,90724,3678.56000000000
63,花乡乡,北京市,丰台区,2443.18181818182,98.55930000000,北京市,北京市,丰台区,卢沟桥街道,181666,67955,98.55930000000,249621,2532.70000000000
64,广安门外街道,北京市,西城区,3511,5.42859000000,北京市,北京市,西城区,广安门外街道,179536,53040,5.42859000000,232576,42842.80000000000
65,椿树街道,北京市,西城区,1834,1.06411000000,北京市,北京市,西城区,椿树街道,30547,7813,1.06411000000,38360,36048.90000000000
66,广安门内街道,北京市,西城区,13450,2.42886000000,北京市,北京市,西城区,广安门内街道,73692,16192,2.42886000000,89884,37006.70000000000
67,大栅栏街道,北京市,西城区,150,1.24219000000,北京市,北京市,西城区,大栅栏街道,36997,12801,1.24219000000,49798,40088.90000000000
68,前门街道,北京市,东城区,279.7,1.07284000000,北京市,北京市,东城区,前门街道,12924,3550,1.07284000000,16474,15355.50000000000
69,东花市街道,北京市,东城区,305.5,1.60184000000,北京市,北京市,东城区,东花市街道,52775,16318,1.60184000000,69093,43133.50000000000
70,玉桥街道,北京市,通州区,473,10.66160000000,北京市,北京市,通州区,玉桥街道,64482,17999,10.66160000000,82481,7736.27000000000
71,鲁谷街道,北京市,石景山区,1895.65088,7.23355000000,北京市,北京市,石景山区,鲁谷街道,95455,39325,7.23355000000,134780,18632.60000000000
72,八宝山街道,北京市,石景山区,186.73045,3.15968000000,北京市,北京市,石景山区,八宝山街道,53606,18245,3.15968000000,71851,22740.00000000000
73,史家营乡,北京市,房山区,11.1,112.44100000000,北京市,北京市,房山区,史家营乡,6300,535,112.44100000000,6835,60.78740000000
74,北苑街道,北京市,通州区,98.3,6.20801000000,北京市,北京市,通州区,北苑街道,73423,27784,6.20801000000,101207,16302.60000000000
75,融街街道,北京市,西城区,469053,3.94836000000,北京市,北京市,西城区,金融街街道,67888,16233,3.94836000000,84121,21305.30000000000
76,建国门街道,北京市,东城区,13190.2,2.68563000000,北京市,北京市,东城区,建国门街道,57170,21476,2.68563000000,78646,29284.00000000000
77,永定路街道,北京市,海淀区,483.1,0.14056100000,,,,,0,0,0.14056100000,0,0.00000000000
78,月坛街道,北京市,西城区,211812,4.16682000000,北京市,北京市,西城区,月坛街道,116543,26187,4.16682000000,142730,34253.90000000000
79,羊坊店街道,北京市,海淀区,77056.8,6.61515000000,北京市,北京市,海淀区,羊坊店街道,127134,31547,6.61515000000,158681,23987.50000000000
80,佛子庄乡,北京市,房山区,6,150.92100000000,北京市,北京市,房山区,佛子庄乡,8925,551,150.92100000000,9476,62.78780000000
81,万寿路街道,北京市,海淀区,5025.2,8.53780000000,北京市,北京市,海淀区,万寿路街道,172456,38850,8.53780000000,211306,24749.50000000000
82,永定路街道,北京市,海淀区,,1.41538000000,北京市,北京市,海淀区,永定路街道,49346,15024,1.41538000000,64370,45479.00000000000
83,老山街道,北京市,石景山区,231.03354,3.82279000000,北京市,北京市,石景山区,老山街道,42606,10879,3.82279000000,53485,13991.10000000000
84,西长安街道,北京市,西城区,12784,4.02453000000,北京市,北京市,西城区,西长安街街道,51477,17959,4.02453000000,69436,17253.20000000000
85,管庄地区（乡）,北京市,朝阳区,2342.55542717036,10.49740000000,北京市,北京市,朝阳区,管庄地区,105407,51606,10.49740000000,157013,14957.30000000000
86,东华门街道,北京市,东城区,5146.5,5.52892000000,北京市,北京市,东城区,东华门街道,61366,22643,5.52892000000,84009,15194.50000000000
87,朝阳门街道,北京市,东城区,19223.7,1.18674000000,北京市,北京市,东城区,朝阳门街道,36702,7084,1.18674000000,43786,36896.00000000000
88,大安山乡,北京市,房山区,1.2,63.32630000000,北京市,北京市,房山区,大安山乡,11217,4438,63.32630000000,15655,247.21200000000
89,新华街道,北京市,通州区,19.8,2.53108000000,北京市,北京市,通州区,新华街道,8891,884,2.53108000000,9775,3861.99000000000
90,潭柘寺镇,北京市,门头沟区,39,79.57750000000,北京市,北京市,门头沟区,潭柘寺镇,8672,886,79.57750000000,9558,120.10900000000
91,八角街道,北京市,石景山区,1312.02713,5.26320000000,北京市,北京市,石景山区,八角街道,116416,34405,5.26320000000,150821,28655.80000000000
92,高碑店地区（乡）,北京市,朝阳区,3566.5470663944,23.11350000000,北京市,北京市,朝阳区,高碑店地区,118094,59479,23.11350000000,177573,7682.65000000000
93,景山街道,北京市,东城区,1080,1.68409000000,北京市,北京市,东城区,景山街道,40308,9053,1.68409000000,49361,29310.20000000000
94,六里屯街道,北京市,朝阳区,1491.41838392844,3.03957000000,北京市,北京市,朝阳区,六里屯街道,107943,27939,3.03957000000,135882,44704.30000000000
95,团结湖街道,北京市,朝阳区,1200.84894016307,1.19046000000,北京市,北京市,朝阳区,团结湖街道,37674,9433,1.19046000000,47107,39570.40000000000
96,潞城镇,北京市,通州区,629.3,71.67890000000,北京市,北京市,通州区,潞城镇,72611,27294,71.67890000000,99905,1393.79000000000
97,东四街道,北京市,东城区,55834,1.50033000000,北京市,北京市,东城区,东四街道,43731,10750,1.50033000000,54481,36312.70000000000
98,永定镇,北京市,门头沟区,648.9,37.27560000000,北京市,北京市,门头沟区,永定镇,42446,10840,37.27560000000,53286,1429.51000000000
99,甘家口街道,北京市,海淀区,11049.2,6.56892000000,北京市,北京市,海淀区,甘家口街道,118455,27790,6.56892000000,146245,22263.20000000000
100,田村路街道,北京市,海淀区,622.2,7.55095000000,北京市,北京市,海淀区,田村路街道,106744,43708,7.55095000000,150452,19924.90000000000
101,新街口街道,北京市,西城区,8633,3.61967000000,北京市,北京市,西城区,新街口街道,95497,28605,3.61967000000,124102,34285.40000000000
102,八里庄街道,北京市,海淀区,1441.1,6.38554000000,北京市,北京市,海淀区,八里庄街道,107542,32206,6.38554000000,139748,21885.10000000000
103,什刹海街道,北京市,西城区,978,5.90448000000,北京市,北京市,西城区,什刹海街道,95433,29901,5.90448000000,125334,21226.90000000000
104,龙泉镇,北京市,门头沟区,103.5,5.06005000000,北京市,北京市,门头沟区,大峪街道,80413,10136,5.06005000000,90549,17894.90000000000
105,交道口街道,北京市,东城区,286.4,1.52026000000,北京市,北京市,东城区,交道口街道,49196,9400,1.52026000000,58596,38543.40000000000
106,南磨房地区（乡）,北京市,朝阳区,3515.11884625893,35.81070000000,北京市,北京市,朝阳区,呼家楼街道,61588,19370,35.81070000000,80958,2260.72000000000
107,金顶街街道,北京市,石景山区,138.01357,4.15983000000,北京市,北京市,石景山区,金顶街街道,75736,11822,4.15983000000,87558,21048.50000000000
108,东辛房街道,北京市,门头沟区,21.8,5.57212000000,北京市,北京市,门头沟区,东辛房街道,27335,3288,5.57212000000,30623,5495.75000000000
109,广宁街道,北京市,石景山区,277.86678,5.51035000000,北京市,北京市,石景山区,广宁街道,17395,5874,5.51035000000,23269,4222.78000000000
110,安定门街道,北京市,东城区,428.1,1.88225000000,北京市,北京市,东城区,安定门街道,44358,8963,1.88225000000,53321,28328.30000000000
111,北新桥街道,北京市,东城区,7262.2,2.68880000000,北京市,北京市,东城区,北新桥街道,82273,14351,2.68880000000,96624,35935.70000000000
112,展览路街道,北京市,西城区,7684,5.77913000000,北京市,北京市,西城区,展览路街道,130925,36153,5.77913000000,167078,28910.60000000000
113,东直门街道,北京市,东城区,15307.4,1.95568000000,北京市,北京市,东城区,东直门街道,46018,11124,1.95568000000,57142,29218.50000000000
114,平房地区（乡）,北京市,朝阳区,1503.41830196005,24.85120000000,北京市,北京市,朝阳区,平房地区,120605,75132,24.85120000000,195737,7876.36000000000
115,永顺镇,北京市,通州区,,28.52650000000,北京市,北京市,通州区,永顺地区,234604,31715,28.52650000000,266319,9335.85000000000
116,城子街道,北京市,门头沟区,54.1,2.35853000000,北京市,北京市,门头沟区,城子街道,34555,4960,2.35853000000,39515,16754.10000000000
117,紫竹院街道,北京市,海淀区,3789.3,5.70670000000,北京市,北京市,海淀区,紫竹院街道,138411,26349,5.70670000000,164760,28871.30000000000
118,东风地区（乡）,北京市,朝阳区,1081.70689684925,11.37440000000,北京市,北京市,朝阳区,东风地区,86525,46292,11.37440000000,132817,11676.80000000000
119,酒仙桥街道,北京市,朝阳区,2765.12396928342,1.46008000000,,,,,18473,2292,1.46008000000,20765,14221.80000000000
120,北下关街道,北京市,海淀区,2546.6,5.98670000000,北京市,北京市,海淀区,北下关街道,158776,40945,5.98670000000,199721,33360.80000000000
121,左家庄街道,北京市,朝阳区,4311.39912135636,9.98184000000,北京市,北京市,朝阳区,麦子店街道,31741,12619,9.98184000000,44360,4444.07000000000
122,香河园街道,北京市,朝阳区,1401.41899869138,1.81476000000,北京市,北京市,朝阳区,香河园街道,51880,14310,1.81476000000,66190,36473.10000000000
123,德胜街道,北京市,西城区,4691,3.90904000000,北京市,北京市,西城区,德胜街道,116768,26430,3.90904000000,143198,36632.50000000000
124,和平里街道,北京市,东城区,11044.4,4.94203000000,北京市,北京市,东城区,和平里街道,112058,22311,4.94203000000,134369,27189.00000000000
125,曙光街道,北京市,海淀区,2908.8,5.43035000000,北京市,北京市,海淀区,曙光街道,102397,45217,5.43035000000,147614,27183.10000000000
126,安贞街道,北京市,朝阳区,1826.55895181121,2.44749000000,北京市,北京市,朝阳区,安贞街道,68454,19441,2.44749000000,87895,35912.30000000000
127,古城街道,北京市,石景山区,2397.85774,31.47520000000,北京市,北京市,石景山区,古城街道,59783,24939,31.47520000000,84722,2691.71000000000
128,北太平庄街道,北京市,海淀区,4542,13.87100000000,北京市,北京市,海淀区,北太平庄街道,201614,66041,13.87100000000,267655,19296.00000000000
129,小关街道,北京市,朝阳区,2003.98631127856,5.83734000000,北京市,北京市,朝阳区,和平街街道,108406,20962,5.83734000000,129368,22162.20000000000
130,王平镇,北京市,门头沟区,3.7,49.88000000000,北京市,北京市,门头沟区,王平地区,4364,642,49.88000000000,5006,100.36100000000
131,太阳宫地区（乡）,北京市,朝阳区,1511.13253498037,5.69730000000,北京市,北京市,朝阳区,太阳宫地区,70367,25068,5.69730000000,95435,16750.90000000000
132,燕园街道,北京市,海淀区,1973.1,0.99234600000,北京市,北京市,海淀区,燕园街道,37548,6546,0.99234600000,44094,44434.10000000000
133,大台街道,北京市,门头沟区,3.1,80.10500000000,北京市,北京市,门头沟区,大台街道,11296,4531,80.10500000000,15827,197.57800000000
134,中关村街道,北京市,海淀区,3917,2.88925000000,北京市,北京市,海淀区,中关村街道,159637,63333,2.88925000000,222970,77172.30000000000
135,五里坨街道,北京市,石景山区,77.3294,23.98200000000,北京市,北京市,石景山区,五里坨街道,30462,10739,23.98200000000,41201,1718.00000000000
136,将台地区（乡）,北京市,朝阳区,1698.84553847481,14.78090000000,北京市,北京市,朝阳区,将台地区,114994,59890,14.78090000000,174884,11831.80000000000
137,亚运村街道,北京市,朝阳区,3017.12224794719,4.94181000000,北京市,北京市,朝阳区,亚运村街道,72415,21837,4.94181000000,94252,19072.40000000000
138,燕园街道,北京市,海淀区,,0.20206300000,,,,,0,0,0.20206300000,0,0.00000000000
139,万柳地区（海淀乡）,北京市,海淀区,169.8,9.95483000000,北京市,北京市,海淀区,海淀街道,144700,46563,9.95483000000,191263,19213.10000000000
140,东坝地区（乡）,北京市,朝阳区,1292.56259940465,24.37970000000,北京市,北京市,朝阳区,东坝地区,88541,48308,24.37970000000,136849,5613.24000000000
141,望京街道,北京市,朝阳区,1698.84553847481,9.89045000000,北京市,北京市,朝阳区,望京街道,168167,72272,9.89045000000,240439,24310.20000000000
142,永定镇,北京市,门头沟区,3.1,36.47560000000,北京市,北京市,门头沟区,龙泉镇,32149,7254,36.47560000000,39403,1080.26000000000
143,清华园街道,北京市,海淀区,1566.7,3.20416000000,北京市,北京市,海淀区,清华园街道,51785,6396,3.20416000000,58181,18158.00000000000
144,学院路街道,北京市,海淀区,1907.2,8.79861000000,北京市,北京市,海淀区,学院路街道,243307,67946,8.79861000000,311253,35375.20000000000
145,大屯街道,北京市,朝阳区,3566.5470663944,9.90730000000,北京市,北京市,朝阳区,大屯街道,141433,54923,9.90730000000,196356,19819.30000000000
146,四季青镇,北京市,海淀区,2197.6,63.03730000000,北京市,北京市,海淀区,香山街道,28535,16324,63.03730000000,44859,711.62600000000
147,东升地区（乡）,北京市,海淀区,315,2.59216000000,,,,,15692,9247,2.59216000000,24939,9620.93000000000
148,金盏地区（乡）,北京市,朝阳区,1683.41707243417,50.23540000000,北京市,北京市,朝阳区,金盏地区,57618,39801,50.23540000000,97419,1939.25000000000
149,王平,北京市,门头沟区,,23.95250000000,,,,,2084,307,23.95250000000,2391,99.82260000000
150,宋庄镇,北京市,通州区,1323.1,113.19400000000,北京市,北京市,通州区,宋庄镇,104143,38850,113.19400000000,142993,1263.26000000000
151,马连洼街道,北京市,海淀区,371.8,5.08288000000,北京市,北京市,海淀区,马连洼街道,106585,52986,5.08288000000,159571,31393.80000000000
152,军庄镇,北京市,门头沟区,13.5,33.75140000000,北京市,北京市,门头沟区,军庄镇,12516,2039,33.75140000000,14555,431.24100000000
153,上地街道,北京市,海淀区,3718.7,3.17061000000,北京市,北京市,海淀区,万柳地区,28062,23247,3.17061000000,51309,16182.70000000000
154,奥运村地区（乡）,北京市,朝阳区,1511.13253498037,18.92150000000,北京市,北京市,朝阳区,奥运村街道,105263,36458,18.92150000000,141721,7489.95000000000
155,来广营地区（乡）,北京市,朝阳区,5023.67997023253,57.46850000000,北京市,北京市,朝阳区,来广营地区,123665,63526,57.46850000000,187191,3257.28000000000
156,西三旗街道,北京市,海淀区,576.5,10.29660000000,北京市,北京市,海淀区,东升地区,73524,37224,10.29660000000,110748,10755.80000000000
157,温泉镇,北京市,海淀区,322,32.99100000000,北京市,北京市,海淀区,温泉镇,50800,22486,32.99100000000,73286,2221.39000000000
158,清水镇,北京市,门头沟区,8.8,335.91000000000,北京市,北京市,门头沟区,清水镇,7906,546,335.91000000000,8452,25.16150000000
159,孙河地区（乡）,北京市,朝阳区,1040.56432074088,34.85090000000,北京市,北京市,朝阳区,孙河地区,23876,13580,34.85090000000,37456,1074.75000000000
160,李桥镇,北京市,顺义区,994,74.48920000000,北京市,北京市,顺义区,李桥镇,69830,30512,74.48920000000,100342,1347.07000000000
161,机场街道,北京市,朝阳区,4974.82316110384,10.65650000000,北京市,北京市,朝阳区,首都机场街道,20512,5679,10.65650000000,26191,2457.75000000000
162,马坊地区,北京市,平谷区,147.3,35.84240000000,北京市,北京市,平谷区,马坊地区,17949,2042,35.84240000000,19991,557.74700000000
163,东小口镇,北京市,昌平区,202.4,17.05700000000,北京市,北京市,昌平区,东小口地区,147360,80605,17.05700000000,227965,13364.90000000000
164,石园街道,北京市,顺义区,322,9.49265000000,北京市,北京市,顺义区,石园街道,48531,7169,9.49265000000,55700,5867.70000000000
165,回龙观镇,北京市,昌平区,1238.5,29.83320000000,北京市,北京市,昌平区,回龙观地区,306311,162896,29.83320000000,469207,15727.70000000000
166,苏家坨镇,北京市,海淀区,205.9,179.69300000000,北京市,北京市,海淀区,青龙桥街道,128887,65623,179.69300000000,194510,1082.46000000000
167,李遂镇,北京市,顺义区,350,40.90480000000,北京市,北京市,顺义区,李遂镇,20046,2971,40.90480000000,23017,562.69700000000
168,东高村镇,北京市,平谷区,41,55.09890000000,北京市,北京市,平谷区,东高村镇,27945,2100,55.09890000000,30045,545.29200000000
169,后沙峪镇,北京市,顺义区,784,54.26470000000,北京市,北京市,顺义区,空港街道,43814,18601,54.26470000000,62415,1150.20000000000
170,斋堂镇,北京市,门头沟区,27.7,377.30400000000,北京市,北京市,门头沟区,斋堂镇,10817,636,377.30400000000,11453,30.35480000000
171,仁和镇,北京市,顺义区,1162,30.95310000000,北京市,北京市,顺义区,仁和地区,49004,22120,30.95310000000,71124,2297.80000000000
172,光明街道,北京市,顺义区,392,3.99562000000,北京市,北京市,顺义区,光明街道,54731,7818,3.99562000000,62549,15654.40000000000
173,胜利街道,北京市,顺义区,546,2.91237000000,北京市,北京市,顺义区,胜利街道,34858,7739,2.91237000000,42597,14626.20000000000
174,滨河街道,北京市,平谷区,432,3.22612000000,,,,,16244,2776,3.22612000000,19020,5895.63000000000
175,旺泉街道,北京市,顺义区,728,12.46470000000,北京市,北京市,顺义区,旺泉街道,44385,12720,12.46470000000,57105,4581.34000000000
176,马昌营镇,北京市,平谷区,89.8,28.05100000000,北京市,北京市,平谷区,马昌营镇,16303,2132,28.05100000000,18435,657.19600000000
177,北七家镇,北京市,昌平区,941.4,64.33030000000,北京市,北京市,昌平区,北七家镇,374742,258365,64.33030000000,633107,9841.51000000000
178,平谷镇,北京市,平谷区,,19.40320000000,北京市,北京市,平谷区,滨河街道,84108,11342,19.40320000000,95450,4919.29000000000
179,上庄镇,北京市,海淀区,70.3,37.92340000000,北京市,北京市,海淀区,上庄镇,44814,19514,37.92340000000,64328,1696.26000000000
180,南法信镇,北京市,顺义区,1008,19.98790000000,北京市,北京市,顺义区,南法信地区,26153,18346,19.98790000000,44499,2226.30000000000
181,兴谷街道,北京市,平谷区,729.9,8.11528000000,北京市,北京市,平谷区,兴谷街道,53000,11209,8.11528000000,64209,7912.11000000000
182,沙河镇,北京市,昌平区,1163.1,55.18370000000,北京市,北京市,昌平区,沙河地区,110808,64876,55.18370000000,175684,3183.62000000000
183,雁翅镇,北京市,门头沟区,4.2,377.86100000000,北京市,北京市,门头沟区,雁翅镇,6587,480,377.86100000000,7067,18.70260000000
184,大兴庄镇,北京市,平谷区,30.9,24.70990000000,北京市,北京市,平谷区,大兴庄镇,17297,1452,24.70990000000,18749,758.76500000000
185,南彩镇,北京市,顺义区,616,57.43370000000,北京市,北京市,顺义区,南彩镇,50639,14655,57.43370000000,65294,1136.86000000000
186,高丽营镇,北京市,顺义区,798,60.85800000000,北京市,北京市,顺义区,高丽营镇,44461,21717,60.85800000000,66178,1087.42000000000
187,马坡镇,北京市,顺义区,210,38.19100000000,北京市,北京市,顺义区,马坡地区,10850,4878,38.19100000000,15728,411.82500000000
188,北务镇,北京市,顺义区,448,156.80200000000,北京市,北京市,顺义区,北务镇,11413,2428,156.80200000000,13841,88.27060000000
189,杨镇,北京市,顺义区,532,95.76890000000,北京市,北京市,顺义区,杨镇地区,54406,10650,95.76890000000,65056,679.30200000000
190,小汤山镇,北京市,昌平区,563.5,70.72710000000,北京市,北京市,昌平区,小汤山镇,55737,26570,70.72710000000,82307,1163.73000000000
191,马池口镇,北京市,昌平区,216.1,63.57680000000,北京市,北京市,昌平区,马池口地区,73905,40447,63.57680000000,114352,1798.64000000000
192,城南街道,北京市,昌平区,1216.8,5.42411000000,,,,,21507,9554,5.42411000000,31061,5726.47000000000
193,峪口地区,北京市,平谷区,100.2,63.51030000000,北京市,北京市,平谷区,峪口地区,26493,3221,63.51030000000,29714,467.86100000000
194,王辛庄镇,北京市,平谷区,31.9,63.52000000000,北京市,北京市,平谷区,王辛庄镇,29686,3153,63.52000000000,32839,516.98700000000
195,城南,北京市,昌平区,,8.87967000000,北京市,北京市,昌平区,城南街道,36039,16010,8.87967000000,52049,5861.59000000000
196,城北街道,北京市,昌平区,2860.5,17.79910000000,北京市,北京市,昌平区,城北街道,187228,55089,17.79910000000,242317,13614.00000000000
197,赵全营镇,北京市,顺义区,574,64.79230000000,北京市,北京市,顺义区,赵全营镇,30482,8500,64.79230000000,38982,601.64600000000
198,北小营镇,北京市,顺义区,406,55.81530000000,北京市,北京市,顺义区,北小营镇,37959,8109,55.81530000000,46068,825.36500000000
199,山东庄镇,北京市,平谷区,51.2,43.90370000000,北京市,北京市,平谷区,山东庄镇,16439,1727,43.90370000000,18166,413.76900000000
200,牛栏山镇,北京市,顺义区,406,36.88360000000,北京市,北京市,顺义区,牛栏山地区,35789,9230,36.88360000000,45019,1220.57000000000
201,南邵镇,北京市,昌平区,239.4,70.56450000000,北京市,北京市,昌平区,南邵镇,24180,9922,70.56450000000,34102,483.27400000000
202,阳坊镇,北京市,昌平区,72.4,311.53600000000,北京市,北京市,昌平区,流村镇,17900,2617,311.53600000000,20517,65.85760000000
203,北石槽镇,北京市,顺义区,224,32.24020000000,北京市,北京市,顺义区,北石槽镇,15386,3295,32.24020000000,18681,579.43200000000
204,龙湾屯镇,北京市,顺义区,196,57.57830000000,北京市,北京市,顺义区,龙湾屯镇,15457,1540,57.57830000000,16997,295.19800000000
205,刘家店镇,北京市,平谷区,49,36.00410000000,北京市,北京市,平谷区,刘家店镇,7509,411,36.00410000000,7920,219.97500000000
206,庙城地区,北京市,怀柔区,160.9,31.77280000000,北京市,北京市,怀柔区,庙城地区,34027,12854,31.77280000000,46881,1475.51000000000
207,崔村镇,北京市,昌平区,35,64.57270000000,北京市,北京市,昌平区,崔村镇,21319,8553,64.57270000000,29872,462.61000000000
208,杨宋镇,北京市,怀柔区,176.7,30.64910000000,北京市,北京市,怀柔区,杨宋镇,24642,9215,30.64910000000,33857,1104.67000000000
209,木林镇,北京市,顺义区,350,83.62030000000,北京市,北京市,顺义区,木林镇,33557,4183,83.62030000000,37740,451.32600000000
210,熊儿寨乡,北京市,平谷区,41,58.69350000000,北京市,北京市,平谷区,熊儿寨乡,3414,129,58.69350000000,3543,60.36440000000
211,龙山街道,北京市,怀柔区,,2.84072000000,北京市,北京市,怀柔区,龙山街道,44203,6283,2.84072000000,50486,17772.30000000000
212,南口镇,北京市,昌平区,190.4,188.03800000000,北京市,北京市,昌平区,南口地区,67811,25348,188.03800000000,93159,495.42600000000
213,兴寿镇,北京市,昌平区,61.8,150.96700000000,北京市,北京市,昌平区,兴寿镇,33139,7926,150.96700000000,41065,272.01300000000
214,泉河街道,北京市,怀柔区,,3.10015000000,北京市,北京市,怀柔区,泉河街道,54471,7807,3.10015000000,62278,20088.70000000000
215,十三陵镇,北京市,昌平区,49.4,68.27440000000,北京市,北京市,昌平区,十三陵镇,20911,4057,68.27440000000,24968,365.70100000000
216,东邵渠镇,北京市,密云区,43.387,108.13900000000,北京市,北京市,密云县,东邵渠镇,12276,727,108.13900000000,13003,120.24300000000
217,大华山镇,北京市,平谷区,54.5,97.81860000000,北京市,北京市,平谷区,大华山镇,16396,840,97.81860000000,17236,176.20400000000
218,北房镇,北京市,怀柔区,76.5,42.01760000000,北京市,北京市,怀柔区,北房镇,24541,7739,42.01760000000,32280,768.24900000000
219,镇罗营镇,北京市,平谷区,12.3,80.18180000000,北京市,北京市,平谷区,镇罗营镇,8875,410,80.18180000000,9285,115.79900000000
220,十里堡镇,北京市,密云区,132.289,97.54370000000,北京市,北京市,密云县,河南寨镇,24067,3695,97.54370000000,27762,284.61100000000
221,桥梓镇,北京市,怀柔区,81.5,113.56400000000,北京市,北京市,怀柔区,桥梓镇,21914,3916,113.56400000000,25830,227.44900000000
222,长陵镇,北京市,昌平区,,137.33000000000,北京市,北京市,昌平区,长陵镇,15024,1551,137.33000000000,16575,120.69500000000
223,檀营地区(满族蒙古族乡),北京市,密云区,48,2.92802000000,北京市,北京市,密云县,檀营地区,7571,1880,2.92802000000,9451,3227.78000000000
224,怀柔地区,北京市,怀柔区,,56.82310000000,北京市,北京市,怀柔区,怀柔地区,66485,32605,56.82310000000,99090,1743.83000000000
225,密云镇,北京市,密云区,141.939,32.70140000000,北京市,北京市,密云县,果园街道,52840,9064,32.70140000000,61904,1893.01000000000
226,八达岭镇,北京市,延庆区,67.46927,100.48100000000,北京市,北京市,延庆县,八达岭镇,8094,1435,100.48100000000,9529,94.83380000000
227,巨各庄镇,北京市,密云区,183.76,109.27900000000,北京市,北京市,密云县,巨各庄镇,23017,2518,109.27900000000,25535,233.66800000000
228,大榆树镇,北京市,延庆区,17.42575,60.49220000000,北京市,北京市,延庆县,大榆树镇,21630,7125,60.49220000000,28755,475.35100000000
229,大城子镇,北京市,密云区,39.023,142.20100000000,北京市,北京市,密云县,大城子镇,11648,363,142.20100000000,12011,84.46490000000
230,大庄科乡,北京市,延庆区,0.96379,128.39400000000,北京市,北京市,延庆县,大庄科乡,5276,74,128.39400000000,5350,41.66860000000
231,渤海镇,北京市,怀柔区,22.9,150.95800000000,北京市,北京市,怀柔区,渤海镇,14016,1258,150.95800000000,15274,101.18000000000
232,九渡河镇,北京市,怀柔区,77.3,177.43000000000,北京市,北京市,怀柔区,九渡河镇,15206,476,177.43000000000,15682,88.38420000000
233,穆家峪镇,北京市,密云区,137.038,122.59600000000,北京市,北京市,密云县,穆家峪镇,33145,4992,122.59600000000,38137,311.07900000000
234,井庄镇,北京市,延庆区,4.92486,129.34100000000,北京市,北京市,延庆县,井庄镇,10646,656,129.34100000000,11302,87.38140000000
235,延庆镇,北京市,延庆区,83.26289,69.98120000000,北京市,北京市,延庆县,延庆镇,125659,14176,69.98120000000,139835,1998.18000000000
236,溪翁庄镇,北京市,密云区,197.566,110.38300000000,北京市,北京市,密云县,溪翁庄镇,19811,2370,110.38300000000,22181,200.94600000000
237,沈家营镇,北京市,延庆区,6.61219,30.19660000000,北京市,北京市,延庆县,沈家营镇,12021,1078,30.19660000000,13099,433.79100000000
238,西田各庄镇,北京市,密云区,136.926,129.86500000000,北京市,北京市,密云县,西田各庄镇,36056,2417,129.86500000000,38473,296.25400000000
239,北庄镇,北京市,密云区,34.564,83.84780000000,北京市,北京市,密云县,北庄镇,7769,1002,83.84780000000,8771,104.60600000000
240,怀北镇,北京市,怀柔区,100.9,102.08300000000,北京市,北京市,怀柔区,怀北镇,12475,2884,102.08300000000,15359,150.45600000000
241,雁栖地区,北京市,怀柔区,509.2,154.07800000000,北京市,北京市,怀柔区,雁栖地区,25933,12860,154.07800000000,38793,251.77500000000
242,永宁镇,北京市,延庆区,7.75906,146.17600000000,北京市,北京市,延庆县,永宁镇,24075,1059,146.17600000000,25134,171.94300000000
243,张山营镇,北京市,延庆区,25.21838,257.37300000000,北京市,北京市,延庆县,张山营镇,23769,1477,257.37300000000,25246,98.09110000000
244,旧县镇,北京市,延庆区,8.83941,106.04700000000,北京市,北京市,延庆县,旧县镇,19932,1661,106.04700000000,21593,203.61700000000
245,四海镇,北京市,延庆区,1.01622,117.13100000000,北京市,北京市,延庆县,四海镇,6001,79,117.13100000000,6080,51.90770000000
246,刘斌堡乡,北京市,延庆区,1.39234,119.53500000000,北京市,北京市,延庆县,刘斌堡乡,6088,125,119.53500000000,6213,51.97640000000
247,太师屯镇,北京市,密云区,98.753,219.86100000000,北京市,北京市,密云县,太师屯镇,27311,3432,219.86100000000,30743,139.82900000000
248,珍珠泉乡,北京市,延庆区,0.62131,140.56700000000,北京市,北京市,延庆县,珍珠泉乡,3503,71,140.56700000000,3574,25.42560000000
249,新城子镇,北京市,密云区,28.383,152.83100000000,北京市,北京市,密云县,新城子镇,7993,402,152.83100000000,8395,54.93000000000
250,琉璃庙镇,北京市,怀柔区,3.3,225.44700000000,北京市,北京市,怀柔区,琉璃庙镇,5938,664,225.44700000000,6602,29.28400000000
251,高岭镇,北京市,密云区,36.622,118.87400000000,北京市,北京市,密云县,高岭镇,14186,471,118.87400000000,14657,123.29900000000
252,石城镇,北京市,密云区,21.673,254.66100000000,北京市,北京市,密云县,石城镇,5453,197,254.66100000000,5650,22.18640000000
253,古北口镇,北京市,密云区,51.756,85.10370000000,北京市,北京市,密云县,古北口镇,7932,354,85.10370000000,8286,97.36360000000
254,不老屯镇,北京市,密云区,19.665,225.79900000000,北京市,北京市,密云县,不老屯镇,15810,429,225.79900000000,16239,71.91790000000
255,香营乡,北京市,延庆区,3.96848,115.83100000000,北京市,北京市,延庆县,香营乡,7782,379,115.83100000000,8161,70.45610000000
256,千家店镇,北京市,延庆区,3.08789,365.64800000000,北京市,北京市,延庆县,千家店镇,9463,184,365.64800000000,9647,26.38330000000
257,冯家峪镇,北京市,密云区,27.912,218.60700000000,北京市,北京市,密云县,冯家峪镇,6640,444,218.60700000000,7084,32.40520000000
258,汤河口镇,北京市,怀柔区,22.8,224.46900000000,北京市,北京市,怀柔区,汤河口镇,6372,456,224.46900000000,6828,30.41850000000
259,长哨营满族乡,北京市,怀柔区,2.4,249.31300000000,北京市,北京市,怀柔区,长哨营满族乡,6570,400,249.31300000000,6970,27.95680000000
260,宝山镇,北京市,怀柔区,2.6,250.45500000000,北京市,北京市,怀柔区,宝山镇,8244,425,250.45500000000,8669,34.61300000000
261,喇叭沟门满族乡,北京市,怀柔区,3.6,296.81500000000,北京市,北京市,怀柔区,喇叭沟门满族乡,4895,414,296.81500000000,5309,17.88660000000
262,黄松峪乡,北京市,平谷区,12.4,64.24500000000,北京市,北京市,平谷区,黄松峪乡,5498,537,64.24500000000,6035,93.93730000000
263,漷县镇,北京市,通州区,266.3,111.12700000000,北京市,北京市,通州区,漷县镇,61413,12264,111.12700000000,73677,662.99800000000
264,金海湖地区,北京市,平谷区,37.9,128.76400000000,北京市,北京市,平谷区,金海湖地区,26835,1566,128.76400000000,28401,220.56600000000
265,蒲洼乡,北京市,房山区,1,88.24090000000,北京市,北京市,房山区,蒲洼乡,2472,67,88.24090000000,2539,28.77350000000
266,张坊镇,北京市,房山区,10.8,121.55400000000,北京市,北京市,房山区,张坊镇,18446,1151,121.55400000000,19597,161.22100000000
267,大石窝镇,北京市,房山区,20.9,90.58470000000,北京市,北京市,房山区,大石窝镇,31139,1853,90.58470000000,32992,364.21200000000
268,长沟镇,北京市,房山区,62.6,41.41650000000,北京市,北京市,房山区,长沟镇,23791,1523,41.41650000000,25314,611.20600000000
269,韩村河镇,北京市,房山区,163.7,103.27600000000,北京市,北京市,房山区,韩村河镇,39210,2625,103.27600000000,41835,405.08000000000
270,礼贤镇,北京市,大兴区,23.7,91.77170000000,北京市,北京市,大兴区,礼贤镇,33347,3632,91.77170000000,36979,402.94600000000
271,庞各庄镇,北京市,大兴区,263.5,112.75000000000,北京市,北京市,大兴区,庞各庄镇,46632,8844,112.75000000000,55476,492.02700000000
272,清源街道,北京市,大兴区,571.2,12.33530000000,北京市,北京市,大兴区,清源街道,102402,32384,12.33530000000,134786,10926.90000000000
273,北臧村镇,北京市,大兴区,68,46.69730000000,北京市,北京市,大兴区,北臧村镇,31524,15450,46.69730000000,46974,1005.93000000000
274,兴丰街道,北京市,大兴区,267.2,21.94280000000,北京市,北京市,大兴区,兴丰街道,57478,14249,21.94280000000,71727,3268.82000000000
275,于家务回族乡,北京市,通州区,141.6,69.05540000000,北京市,北京市,通州区,于家务回族乡,27184,4739,69.05540000000,31923,462.28100000000
276,永乐店镇,北京市,通州区,220.7,97.90590000000,北京市,北京市,通州区,永乐店镇,40241,3839,97.90590000000,44080,450.22800000000
277,西集镇,北京市,通州区,213.6,99.45700000000,北京市,北京市,通州区,西集镇,43244,5159,99.45700000000,48403,486.67300000000
278,康庄镇,北京市,延庆区,385.87323,92.33350000000,北京市,北京市,延庆县,康庄镇,33487,9726,92.33350000000,43213,468.01000000000
279,天竺镇,北京市,顺义区,882,22.57560000000,北京市,北京市,顺义区,天竺地区,33342,19199,22.57560000000,52541,2327.34000000000
280,夏各庄镇,北京市,平谷区,39.2,54.87300000000,北京市,北京市,平谷区,夏各庄镇,20958,2559,54.87300000000,23517,428.57100000000
281,南独乐河镇,北京市,平谷区,17.3,69.19770000000,北京市,北京市,平谷区,南独乐河镇,20449,1181,69.19770000000,21630,312.58300000000
282,回龙观镇,北京市,昌平区,,7.00808000000,,,,,61101,33422,7.00808000000,94523,13487.70000000000
283,燕园街道,北京市,海淀区,,0.07759390000,,,,,0,0,0.07759390000,0,0.00000000000
284,燕园街道,北京市,海淀区,,0.17978300000,,,,,0,0,0.17978300000,0,0.00000000000
285,燕园街道,北京市,海淀区,,0.32751300000,,,,,0,0,0.32751300000,0,0.00000000000
286,崇文门外街道,北京市,东城区,747.2,1.30337000000,北京市,北京市,东城区,崇文门外街道,48817,15307,1.30337000000,64124,49198.60000000000
